--------------------------------------------------------
--  Fichier cr�� - mardi-mai-14-2019   
--------------------------------------------------------
--------------------------------------------------------
--  DDL for Sequence SEQ_ABSENCE
--------------------------------------------------------

   CREATE SEQUENCE  "G6_RNATIONAL"."SEQ_ABSENCE"  MINVALUE 1 MAXVALUE 9999999999999999999999999999 INCREMENT BY 1 START WITH 21 CACHE 20 NOORDER  NOCYCLE  NOKEEP  NOSCALE  GLOBAL ;
--------------------------------------------------------
--  DDL for Sequence SEQ_CENTRE
--------------------------------------------------------

   CREATE SEQUENCE  "G6_RNATIONAL"."SEQ_CENTRE"  MINVALUE 1 MAXVALUE 9999999999999999999999999999 INCREMENT BY 1 START WITH 21 CACHE 20 NOORDER  NOCYCLE  NOKEEP  NOSCALE  GLOBAL ;
--------------------------------------------------------
--  DDL for Sequence SEQ_DEMANDE
--------------------------------------------------------

   CREATE SEQUENCE  "G6_RNATIONAL"."SEQ_DEMANDE"  MINVALUE 1 MAXVALUE 9999999999999999999999999999 INCREMENT BY 1 START WITH 101 CACHE 20 NOORDER  NOCYCLE  NOKEEP  NOSCALE  GLOBAL ;
--------------------------------------------------------
--  DDL for Sequence SEQ_EMPLOYE
--------------------------------------------------------

   CREATE SEQUENCE  "G6_RNATIONAL"."SEQ_EMPLOYE"  MINVALUE 1 MAXVALUE 9999999999999999999999999999 INCREMENT BY 1 START WITH 21 CACHE 20 NOORDER  NOCYCLE  NOKEEP  NOSCALE  GLOBAL ;
--------------------------------------------------------
--  DDL for Sequence SEQ_FONCTION
--------------------------------------------------------

   CREATE SEQUENCE  "G6_RNATIONAL"."SEQ_FONCTION"  MINVALUE 1 MAXVALUE 9999999999999999999999999999 INCREMENT BY 1 START WITH 1 CACHE 20 NOORDER  NOCYCLE  NOKEEP  NOSCALE  GLOBAL ;
--------------------------------------------------------
--  DDL for Sequence SEQ_MARQUE
--------------------------------------------------------

   CREATE SEQUENCE  "G6_RNATIONAL"."SEQ_MARQUE"  MINVALUE 1 MAXVALUE 9999999999999999999999999999 INCREMENT BY 1 START WITH 21 CACHE 20 NOORDER  NOCYCLE  NOKEEP  NOSCALE  GLOBAL ;
--------------------------------------------------------
--  DDL for Sequence SEQ_MODELE
--------------------------------------------------------

   CREATE SEQUENCE  "G6_RNATIONAL"."SEQ_MODELE"  MINVALUE 1 MAXVALUE 9999999999999999999999999999 INCREMENT BY 1 START WITH 21 CACHE 20 NOORDER  NOCYCLE  NOKEEP  NOSCALE  GLOBAL ;
--------------------------------------------------------
--  DDL for Sequence SEQ_SITE
--------------------------------------------------------

   CREATE SEQUENCE  "G6_RNATIONAL"."SEQ_SITE"  MINVALUE 1 MAXVALUE 9999999999999999999999999999 INCREMENT BY 1 START WITH 21 CACHE 20 NOORDER  NOCYCLE  NOKEEP  NOSCALE  GLOBAL ;
--------------------------------------------------------
--  DDL for Sequence SEQ_TOURNEE
--------------------------------------------------------

   CREATE SEQUENCE  "G6_RNATIONAL"."SEQ_TOURNEE"  MINVALUE 1 MAXVALUE 9999999999999999999999999999 INCREMENT BY 1 START WITH 81 CACHE 20 NOORDER  NOCYCLE  NOKEEP  NOSCALE  GLOBAL ;
--------------------------------------------------------
--  DDL for Sequence SEQ_TYPEABSENCE
--------------------------------------------------------

   CREATE SEQUENCE  "G6_RNATIONAL"."SEQ_TYPEABSENCE"  MINVALUE 1 MAXVALUE 9999999999999999999999999999 INCREMENT BY 1 START WITH 21 CACHE 20 NOORDER  NOCYCLE  NOKEEP  NOSCALE  GLOBAL ;
--------------------------------------------------------
--  DDL for Sequence SEQ_TYPEDECHET
--------------------------------------------------------

   CREATE SEQUENCE  "G6_RNATIONAL"."SEQ_TYPEDECHET"  MINVALUE 1 MAXVALUE 9999999999999999999999999999 INCREMENT BY 1 START WITH 21 CACHE 20 NOORDER  NOCYCLE  NOKEEP  NOSCALE  GLOBAL ;
--------------------------------------------------------
--  DDL for Table ABSENCE
--------------------------------------------------------

  CREATE TABLE "G6_RNATIONAL"."ABSENCE" 
   (	"NOABSENCE" NUMBER(5,0), 
	"NOTYPEABSENCE" NUMBER(2,0), 
	"DATEDEBUT" DATE, 
	"DATEFIN" DATE, 
	"REMARQUE" CHAR(200 BYTE), 
	"NOEMPLOYE" NUMBER(5,0)
   ) SEGMENT CREATION IMMEDIATE 
  PCTFREE 10 PCTUSED 40 INITRANS 1 MAXTRANS 255 
 NOCOMPRESS LOGGING
  STORAGE(INITIAL 65536 NEXT 1048576 MINEXTENTS 1 MAXEXTENTS 2147483645
  PCTINCREASE 0 FREELISTS 1 FREELIST GROUPS 1
  BUFFER_POOL DEFAULT FLASH_CACHE DEFAULT CELL_FLASH_CACHE DEFAULT)
  TABLESPACE "G6"   NO INMEMORY ;
--------------------------------------------------------
--  DDL for Table CAMION
--------------------------------------------------------

  CREATE TABLE "G6_RNATIONAL"."CAMION" 
   (	"NOIMMATRIC" CHAR(10 BYTE), 
	"NOMODELE" NUMBER(5,0), 
	"DATEACHAT" DATE
   ) SEGMENT CREATION IMMEDIATE 
  PCTFREE 10 PCTUSED 40 INITRANS 1 MAXTRANS 255 
 NOCOMPRESS LOGGING
  STORAGE(INITIAL 65536 NEXT 1048576 MINEXTENTS 1 MAXEXTENTS 2147483645
  PCTINCREASE 0 FREELISTS 1 FREELIST GROUPS 1
  BUFFER_POOL DEFAULT FLASH_CACHE DEFAULT CELL_FLASH_CACHE DEFAULT)
  TABLESPACE "G6"   NO INMEMORY ;
--------------------------------------------------------
--  DDL for Table CENTRETRAITEMENT
--------------------------------------------------------

  CREATE TABLE "G6_RNATIONAL"."CENTRETRAITEMENT" 
   (	"NOCENTRE" NUMBER(3,0), 
	"NOM" CHAR(100 BYTE), 
	"NORUE" NUMBER(3,0), 
	"RUE" CHAR(200 BYTE), 
	"CPOSTAL" NUMBER(5,0), 
	"VILLE" CHAR(50 BYTE)
   ) SEGMENT CREATION IMMEDIATE 
  PCTFREE 10 PCTUSED 40 INITRANS 1 MAXTRANS 255 
 NOCOMPRESS LOGGING
  STORAGE(INITIAL 65536 NEXT 1048576 MINEXTENTS 1 MAXEXTENTS 2147483645
  PCTINCREASE 0 FREELISTS 1 FREELIST GROUPS 1
  BUFFER_POOL DEFAULT FLASH_CACHE DEFAULT CELL_FLASH_CACHE DEFAULT)
  TABLESPACE "G6"   NO INMEMORY ;
--------------------------------------------------------
--  DDL for Table DEMANDE
--------------------------------------------------------

  CREATE TABLE "G6_RNATIONAL"."DEMANDE" 
   (	"NODEMANDE" NUMBER(6,0), 
	"NOSITE" NUMBER(3,0), 
	"SIRET" NUMBER(15,0), 
	"DATEDEMANDE" DATE, 
	"DATEENLEVEMENT" DATE, 
	"WEB_O_N" CHAR(1 BYTE), 
	"NOTOURNEE" NUMBER(6,0)
   ) SEGMENT CREATION IMMEDIATE 
  PCTFREE 10 PCTUSED 40 INITRANS 1 MAXTRANS 255 
 NOCOMPRESS LOGGING
  STORAGE(INITIAL 65536 NEXT 1048576 MINEXTENTS 1 MAXEXTENTS 2147483645
  PCTINCREASE 0 FREELISTS 1 FREELIST GROUPS 1
  BUFFER_POOL DEFAULT FLASH_CACHE DEFAULT CELL_FLASH_CACHE DEFAULT)
  TABLESPACE "G6"   NO INMEMORY ;
--------------------------------------------------------
--  DDL for Table DETAILDEMANDE
--------------------------------------------------------

  CREATE TABLE "G6_RNATIONAL"."DETAILDEMANDE" 
   (	"NODEMANDE" NUMBER(6,0), 
	"NOTYPEDECHET" NUMBER(3,0), 
	"QUANTITE" NUMBER(6,0), 
	"QUANTITECOLLECTEE" NUMBER(3,0), 
	"REMARQUE" CHAR(100 BYTE)
   ) SEGMENT CREATION IMMEDIATE 
  PCTFREE 10 PCTUSED 40 INITRANS 1 MAXTRANS 255 
 NOCOMPRESS LOGGING
  STORAGE(INITIAL 65536 NEXT 1048576 MINEXTENTS 1 MAXEXTENTS 2147483645
  PCTINCREASE 0 FREELISTS 1 FREELIST GROUPS 1
  BUFFER_POOL DEFAULT FLASH_CACHE DEFAULT CELL_FLASH_CACHE DEFAULT)
  TABLESPACE "G6"   NO INMEMORY ;
--------------------------------------------------------
--  DDL for Table DETAILDEPOT
--------------------------------------------------------

  CREATE TABLE "G6_RNATIONAL"."DETAILDEPOT" 
   (	"NOTOURNEE" NUMBER(6,0), 
	"NOTYPEDECHET" NUMBER(3,0), 
	"NOCENTRE" NUMBER(3,0), 
	"QUANTITEDEPOSEE" NUMBER(3,0)
   ) SEGMENT CREATION IMMEDIATE 
  PCTFREE 10 PCTUSED 40 INITRANS 1 MAXTRANS 255 
 NOCOMPRESS LOGGING
  STORAGE(INITIAL 65536 NEXT 1048576 MINEXTENTS 1 MAXEXTENTS 2147483645
  PCTINCREASE 0 FREELISTS 1 FREELIST GROUPS 1
  BUFFER_POOL DEFAULT FLASH_CACHE DEFAULT CELL_FLASH_CACHE DEFAULT)
  TABLESPACE "G6"   NO INMEMORY ;
--------------------------------------------------------
--  DDL for Table EMPLOYE
--------------------------------------------------------

  CREATE TABLE "G6_RNATIONAL"."EMPLOYE" 
   (	"NOEMPLOYE" NUMBER(5,0), 
	"NOFONCTION" NUMBER(3,0), 
	"NOSITE" NUMBER(3,0), 
	"NOM" CHAR(50 BYTE), 
	"PRENOM" CHAR(50 BYTE), 
	"DATENAISS" DATE, 
	"DATEEMBAUCHE" DATE, 
	"SALAIRE" NUMBER(8,2)
   ) SEGMENT CREATION IMMEDIATE 
  PCTFREE 10 PCTUSED 40 INITRANS 1 MAXTRANS 255 
 NOCOMPRESS LOGGING
  STORAGE(INITIAL 65536 NEXT 1048576 MINEXTENTS 1 MAXEXTENTS 2147483645
  PCTINCREASE 0 FREELISTS 1 FREELIST GROUPS 1
  BUFFER_POOL DEFAULT FLASH_CACHE DEFAULT CELL_FLASH_CACHE DEFAULT)
  TABLESPACE "G6"   NO INMEMORY ;
--------------------------------------------------------
--  DDL for Table ENTREPRISE
--------------------------------------------------------

  CREATE TABLE "G6_RNATIONAL"."ENTREPRISE" 
   (	"SIRET" NUMBER(15,0), 
	"RAISONSOCIALE" CHAR(50 BYTE), 
	"NORUE" NUMBER(3,0), 
	"RUE" CHAR(200 BYTE), 
	"CPOSTAL" NUMBER(5,0), 
	"VILLE" CHAR(50 BYTE), 
	"NOTEL" CHAR(10 BYTE), 
	"CONTACT" CHAR(50 BYTE)
   ) SEGMENT CREATION IMMEDIATE 
  PCTFREE 10 PCTUSED 40 INITRANS 1 MAXTRANS 255 
 NOCOMPRESS LOGGING
  STORAGE(INITIAL 65536 NEXT 1048576 MINEXTENTS 1 MAXEXTENTS 2147483645
  PCTINCREASE 0 FREELISTS 1 FREELIST GROUPS 1
  BUFFER_POOL DEFAULT FLASH_CACHE DEFAULT CELL_FLASH_CACHE DEFAULT)
  TABLESPACE "G6"   NO INMEMORY ;
--------------------------------------------------------
--  DDL for Table FONCTION
--------------------------------------------------------

  CREATE TABLE "G6_RNATIONAL"."FONCTION" 
   (	"NOFONCTION" NUMBER(3,0), 
	"NOM" CHAR(50 BYTE)
   ) SEGMENT CREATION IMMEDIATE 
  PCTFREE 10 PCTUSED 40 INITRANS 1 MAXTRANS 255 
 NOCOMPRESS LOGGING
  STORAGE(INITIAL 65536 NEXT 1048576 MINEXTENTS 1 MAXEXTENTS 2147483645
  PCTINCREASE 0 FREELISTS 1 FREELIST GROUPS 1
  BUFFER_POOL DEFAULT FLASH_CACHE DEFAULT CELL_FLASH_CACHE DEFAULT)
  TABLESPACE "G6"   NO INMEMORY ;
--------------------------------------------------------
--  DDL for Table MARQUE
--------------------------------------------------------

  CREATE TABLE "G6_RNATIONAL"."MARQUE" 
   (	"NOMARQUE" NUMBER(3,0), 
	"NOM" CHAR(50 BYTE)
   ) SEGMENT CREATION IMMEDIATE 
  PCTFREE 10 PCTUSED 40 INITRANS 1 MAXTRANS 255 
 NOCOMPRESS LOGGING
  STORAGE(INITIAL 65536 NEXT 1048576 MINEXTENTS 1 MAXEXTENTS 2147483645
  PCTINCREASE 0 FREELISTS 1 FREELIST GROUPS 1
  BUFFER_POOL DEFAULT FLASH_CACHE DEFAULT CELL_FLASH_CACHE DEFAULT)
  TABLESPACE "G6"   NO INMEMORY ;
--------------------------------------------------------
--  DDL for Table MODELE
--------------------------------------------------------

  CREATE TABLE "G6_RNATIONAL"."MODELE" 
   (	"NOMODELE" NUMBER(5,0), 
	"NOMARQUE" NUMBER(3,0), 
	"NOM" CHAR(50 BYTE), 
	"CONTENANCE" NUMBER(5,0), 
	"UNITE" CHAR(5 BYTE)
   ) SEGMENT CREATION IMMEDIATE 
  PCTFREE 10 PCTUSED 40 INITRANS 1 MAXTRANS 255 
 NOCOMPRESS LOGGING
  STORAGE(INITIAL 65536 NEXT 1048576 MINEXTENTS 1 MAXEXTENTS 2147483645
  PCTINCREASE 0 FREELISTS 1 FREELIST GROUPS 1
  BUFFER_POOL DEFAULT FLASH_CACHE DEFAULT CELL_FLASH_CACHE DEFAULT)
  TABLESPACE "G6"   NO INMEMORY ;
--------------------------------------------------------
--  DDL for Table SITE
--------------------------------------------------------

  CREATE TABLE "G6_RNATIONAL"."SITE" 
   (	"NOSITE" NUMBER(3,0), 
	"NOM" CHAR(50 BYTE), 
	"DATEIMPLANTATION" DATE
   ) SEGMENT CREATION IMMEDIATE 
  PCTFREE 10 PCTUSED 40 INITRANS 1 MAXTRANS 255 
 NOCOMPRESS LOGGING
  STORAGE(INITIAL 65536 NEXT 1048576 MINEXTENTS 1 MAXEXTENTS 2147483645
  PCTINCREASE 0 FREELISTS 1 FREELIST GROUPS 1
  BUFFER_POOL DEFAULT FLASH_CACHE DEFAULT CELL_FLASH_CACHE DEFAULT)
  TABLESPACE "G6"   NO INMEMORY ;
--------------------------------------------------------
--  DDL for Table TOURNEE
--------------------------------------------------------

  CREATE TABLE "G6_RNATIONAL"."TOURNEE" 
   (	"NOTOURNEE" NUMBER(6,0), 
	"NOIMMATRIC" CHAR(10 BYTE), 
	"NOEMPLOYE" NUMBER(5,0), 
	"DATETOURNEE" DATE
   ) SEGMENT CREATION IMMEDIATE 
  PCTFREE 10 PCTUSED 40 INITRANS 1 MAXTRANS 255 
 NOCOMPRESS LOGGING
  STORAGE(INITIAL 65536 NEXT 1048576 MINEXTENTS 1 MAXEXTENTS 2147483645
  PCTINCREASE 0 FREELISTS 1 FREELIST GROUPS 1
  BUFFER_POOL DEFAULT FLASH_CACHE DEFAULT CELL_FLASH_CACHE DEFAULT)
  TABLESPACE "G6"   NO INMEMORY ;
--------------------------------------------------------
--  DDL for Table TYPEABSENCE
--------------------------------------------------------

  CREATE TABLE "G6_RNATIONAL"."TYPEABSENCE" 
   (	"NOTYPEABSENCE" NUMBER(2,0), 
	"NOM" CHAR(50 BYTE)
   ) SEGMENT CREATION IMMEDIATE 
  PCTFREE 10 PCTUSED 40 INITRANS 1 MAXTRANS 255 
 NOCOMPRESS LOGGING
  STORAGE(INITIAL 65536 NEXT 1048576 MINEXTENTS 1 MAXEXTENTS 2147483645
  PCTINCREASE 0 FREELISTS 1 FREELIST GROUPS 1
  BUFFER_POOL DEFAULT FLASH_CACHE DEFAULT CELL_FLASH_CACHE DEFAULT)
  TABLESPACE "G6"   NO INMEMORY ;
--------------------------------------------------------
--  DDL for Table TYPEDECHET
--------------------------------------------------------

  CREATE TABLE "G6_RNATIONAL"."TYPEDECHET" 
   (	"NOTYPEDECHET" NUMBER(3,0), 
	"NOM" CHAR(50 BYTE), 
	"NIV_DANGER" NUMBER(1,0), 
	"UNITE" CHAR(5 BYTE)
   ) SEGMENT CREATION IMMEDIATE 
  PCTFREE 10 PCTUSED 40 INITRANS 1 MAXTRANS 255 
 NOCOMPRESS LOGGING
  STORAGE(INITIAL 65536 NEXT 1048576 MINEXTENTS 1 MAXEXTENTS 2147483645
  PCTINCREASE 0 FREELISTS 1 FREELIST GROUPS 1
  BUFFER_POOL DEFAULT FLASH_CACHE DEFAULT CELL_FLASH_CACHE DEFAULT)
  TABLESPACE "G6"   NO INMEMORY ;
REM INSERTING into G6_RNATIONAL.ABSENCE
SET DEFINE OFF;
Insert into G6_RNATIONAL.ABSENCE (NOABSENCE,NOTYPEABSENCE,DATEDEBUT,DATEFIN,REMARQUE,NOEMPLOYE) values ('1','3',to_date('18/05/18','DD/MM/RR'),to_date('25/05/18','DD/MM/RR'),'Grippe                                                                                                                                                                                                  ','2');
REM INSERTING into G6_RNATIONAL.CAMION
SET DEFINE OFF;
Insert into G6_RNATIONAL.CAMION (NOIMMATRIC,NOMODELE,DATEACHAT) values ('236CKV95  ','15',to_date('12/12/00','DD/MM/RR'));
Insert into G6_RNATIONAL.CAMION (NOIMMATRIC,NOMODELE,DATEACHAT) values ('257DEF95  ','15',to_date('12/12/00','DD/MM/RR'));
Insert into G6_RNATIONAL.CAMION (NOIMMATRIC,NOMODELE,DATEACHAT) values ('357BAS95  ','9',to_date('08/04/04','DD/MM/RR'));
Insert into G6_RNATIONAL.CAMION (NOIMMATRIC,NOMODELE,DATEACHAT) values ('763OPE95  ','9',to_date('16/04/04','DD/MM/RR'));
Insert into G6_RNATIONAL.CAMION (NOIMMATRIC,NOMODELE,DATEACHAT) values ('124FAK95  ','13',to_date('13/09/06','DD/MM/RR'));
Insert into G6_RNATIONAL.CAMION (NOIMMATRIC,NOMODELE,DATEACHAT) values ('658SQL95  ','14',to_date('04/10/10','DD/MM/RR'));
Insert into G6_RNATIONAL.CAMION (NOIMMATRIC,NOMODELE,DATEACHAT) values ('532DFC95  ','14',to_date('04/10/10','DD/MM/RR'));
Insert into G6_RNATIONAL.CAMION (NOIMMATRIC,NOMODELE,DATEACHAT) values ('602LKS95  ','14',to_date('04/10/10','DD/MM/RR'));
Insert into G6_RNATIONAL.CAMION (NOIMMATRIC,NOMODELE,DATEACHAT) values ('658DEC59  ','13',to_date('16/11/98','DD/MM/RR'));
Insert into G6_RNATIONAL.CAMION (NOIMMATRIC,NOMODELE,DATEACHAT) values ('632BRL59  ','14',to_date('08/06/05','DD/MM/RR'));
Insert into G6_RNATIONAL.CAMION (NOIMMATRIC,NOMODELE,DATEACHAT) values ('221REN59  ','14',to_date('22/08/04','DD/MM/RR'));
Insert into G6_RNATIONAL.CAMION (NOIMMATRIC,NOMODELE,DATEACHAT) values ('102YEK59  ','13',to_date('13/12/06','DD/MM/RR'));
Insert into G6_RNATIONAL.CAMION (NOIMMATRIC,NOMODELE,DATEACHAT) values ('688BRF59  ','14',to_date('14/10/10','DD/MM/RR'));
Insert into G6_RNATIONAL.CAMION (NOIMMATRIC,NOMODELE,DATEACHAT) values ('652GGF59  ','14',to_date('14/10/10','DD/MM/RR'));
Insert into G6_RNATIONAL.CAMION (NOIMMATRIC,NOMODELE,DATEACHAT) values ('156KLA59  ','14',to_date('14/10/10','DD/MM/RR'));
Insert into G6_RNATIONAL.CAMION (NOIMMATRIC,NOMODELE,DATEACHAT) values ('125ABC59  ','13',to_date('12/01/99','DD/MM/RR'));
REM INSERTING into G6_RNATIONAL.CENTRETRAITEMENT
SET DEFINE OFF;
Insert into G6_RNATIONAL.CENTRETRAITEMENT (NOCENTRE,NOM,NORUE,RUE,CPOSTAL,VILLE) values ('1','Centre Bourdin                                                                                      ','23','rue des Accassias                                                                                                                                                                                       ','95800','Jouy-le-Moutier                                   ');
Insert into G6_RNATIONAL.CENTRETRAITEMENT (NOCENTRE,NOM,NORUE,RUE,CPOSTAL,VILLE) values ('2','Prorecycle                                                                                          ','218','Avenue des ponts                                                                                                                                                                                        ','75019','Paris                                             ');
Insert into G6_RNATIONAL.CENTRETRAITEMENT (NOCENTRE,NOM,NORUE,RUE,CPOSTAL,VILLE) values ('3','Revie                                                                                               ','56','all�e des Sycomores                                                                                                                                                                                    ','94400','Vitry-sur-Seine                                   ');
Insert into G6_RNATIONAL.CENTRETRAITEMENT (NOCENTRE,NOM,NORUE,RUE,CPOSTAL,VILLE) values ('4','Deuxi?me Vie                                                                                      ','36','rue des grands espoirs                                                                                                                                                                                  ','94490','Ivry                                              ');
Insert into G6_RNATIONAL.CENTRETRAITEMENT (NOCENTRE,NOM,NORUE,RUE,CPOSTAL,VILLE) values ('5','Neo                                                                                                 ','78','Boulevard Jourdan                                                                                                                                                                                       ','95000','Cergy                                             ');
Insert into G6_RNATIONAL.CENTRETRAITEMENT (NOCENTRE,NOM,NORUE,RUE,CPOSTAL,VILLE) values ('6','Prorecycle                                                                                          ','14','Chemin de la fronti?re                                                                                                                                                                                ','59800','Lille                                             ');
Insert into G6_RNATIONAL.CENTRETRAITEMENT (NOCENTRE,NOM,NORUE,RUE,CPOSTAL,VILLE) values ('7','Objrecycl                                                                                           ','123','Avenue Marcadet                                                                                                                                                                                         ','59800','Lille                                             ');
Insert into G6_RNATIONAL.CENTRETRAITEMENT (NOCENTRE,NOM,NORUE,RUE,CPOSTAL,VILLE) values ('8','Triselec                                                                                            ','5','3ieme avenue                                                                                                                                                                                            ','59000','Loos                                              ');
Insert into G6_RNATIONAL.CENTRETRAITEMENT (NOCENTRE,NOM,NORUE,RUE,CPOSTAL,VILLE) values ('9','Acremat                                                                                             ','253','Avenue de Leeds                                                                                                                                                                                         ','59777','Lille                                             ');
Insert into G6_RNATIONAL.CENTRETRAITEMENT (NOCENTRE,NOM,NORUE,RUE,CPOSTAL,VILLE) values ('10','Galloo                                                                                              ','6','rue Courtois                                                                                                                                                                                            ','59000','Lille                                             ');
Insert into G6_RNATIONAL.CENTRETRAITEMENT (NOCENTRE,NOM,NORUE,RUE,CPOSTAL,VILLE) values ('11','Picavet                                                                                             ','51','rue Moulin Cardon                                                                                                                                                                                       ','59910','Bondues                                           ');
Insert into G6_RNATIONAL.CENTRETRAITEMENT (NOCENTRE,NOM,NORUE,RUE,CPOSTAL,VILLE) values ('12','Castel                                                                                              ','29','rue Laon                                                                                                                                                                                                ','59200','Tourcoing                                         ');
Insert into G6_RNATIONAL.CENTRETRAITEMENT (NOCENTRE,NOM,NORUE,RUE,CPOSTAL,VILLE) values ('13','Centre Mercan                                                                                       ','23','rue des champs                                                                                                                                                                                          ','59800','Lille                                             ');
REM INSERTING into G6_RNATIONAL.DEMANDE
SET DEFINE OFF;
Insert into G6_RNATIONAL.DEMANDE (NODEMANDE,NOSITE,SIRET,DATEDEMANDE,DATEENLEVEMENT,WEB_O_N,NOTOURNEE) values ('1','1','123451320010012',to_date('24/08/18','DD/MM/RR'),to_date('01/09/18','DD/MM/RR'),'N','1');
Insert into G6_RNATIONAL.DEMANDE (NODEMANDE,NOSITE,SIRET,DATEDEMANDE,DATEENLEVEMENT,WEB_O_N,NOTOURNEE) values ('2','1','24565590120057',to_date('22/08/18','DD/MM/RR'),to_date('01/09/18','DD/MM/RR'),'N','1');
Insert into G6_RNATIONAL.DEMANDE (NODEMANDE,NOSITE,SIRET,DATEDEMANDE,DATEENLEVEMENT,WEB_O_N,NOTOURNEE) values ('3','3','345655671230029',to_date('23/08/18','DD/MM/RR'),to_date('01/09/18','DD/MM/RR'),'N','1');
Insert into G6_RNATIONAL.DEMANDE (NODEMANDE,NOSITE,SIRET,DATEDEMANDE,DATEENLEVEMENT,WEB_O_N,NOTOURNEE) values ('4','2','123487583650015',to_date('14/08/18','DD/MM/RR'),to_date('24/08/18','DD/MM/RR'),'N','2');
Insert into G6_RNATIONAL.DEMANDE (NODEMANDE,NOSITE,SIRET,DATEDEMANDE,DATEENLEVEMENT,WEB_O_N,NOTOURNEE) values ('5','4','56483328350015',to_date('15/08/18','DD/MM/RR'),to_date('25/08/18','DD/MM/RR'),'N','2');
Insert into G6_RNATIONAL.DEMANDE (NODEMANDE,NOSITE,SIRET,DATEDEMANDE,DATEENLEVEMENT,WEB_O_N,NOTOURNEE) values ('6','1','125879255760011',to_date('09/08/18','DD/MM/RR'),to_date('20/08/18','DD/MM/RR'),'N','3');
Insert into G6_RNATIONAL.DEMANDE (NODEMANDE,NOSITE,SIRET,DATEDEMANDE,DATEENLEVEMENT,WEB_O_N,NOTOURNEE) values ('7','1','564712357860012',to_date('10/08/18','DD/MM/RR'),to_date('20/08/18','DD/MM/RR'),'N','3');
Insert into G6_RNATIONAL.DEMANDE (NODEMANDE,NOSITE,SIRET,DATEDEMANDE,DATEENLEVEMENT,WEB_O_N,NOTOURNEE) values ('8','2','546258732150011',to_date('11/08/18','DD/MM/RR'),to_date('15/08/19','DD/MM/RR'),'N','4');
Insert into G6_RNATIONAL.DEMANDE (NODEMANDE,NOSITE,SIRET,DATEDEMANDE,DATEENLEVEMENT,WEB_O_N,NOTOURNEE) values ('9','5','235463322450016',to_date('12/08/18','DD/MM/RR'),to_date('15/08/19','DD/MM/RR'),'N','4');
Insert into G6_RNATIONAL.DEMANDE (NODEMANDE,NOSITE,SIRET,DATEDEMANDE,DATEENLEVEMENT,WEB_O_N,NOTOURNEE) values ('10','2','554821876540036',to_date('13/08/18','DD/MM/RR'),to_date('16/08/19','DD/MM/RR'),'N','4');
Insert into G6_RNATIONAL.DEMANDE (NODEMANDE,NOSITE,SIRET,DATEDEMANDE,DATEENLEVEMENT,WEB_O_N,NOTOURNEE) values ('11','3','123451320010012',to_date('13/08/18','DD/MM/RR'),to_date('16/08/19','DD/MM/RR'),'N','4');
Insert into G6_RNATIONAL.DEMANDE (NODEMANDE,NOSITE,SIRET,DATEDEMANDE,DATEENLEVEMENT,WEB_O_N,NOTOURNEE) values ('12','4','24565590120057',to_date('09/08/18','DD/MM/RR'),to_date('14/08/18','DD/MM/RR'),'N','5');
Insert into G6_RNATIONAL.DEMANDE (NODEMANDE,NOSITE,SIRET,DATEDEMANDE,DATEENLEVEMENT,WEB_O_N,NOTOURNEE) values ('13','1','345655671230029',to_date('09/08/18','DD/MM/RR'),to_date('13/08/18','DD/MM/RR'),'N','5');
Insert into G6_RNATIONAL.DEMANDE (NODEMANDE,NOSITE,SIRET,DATEDEMANDE,DATEENLEVEMENT,WEB_O_N,NOTOURNEE) values ('14','3','123487583650015',to_date('04/08/18','DD/MM/RR'),to_date('10/08/18','DD/MM/RR'),'N','6');
Insert into G6_RNATIONAL.DEMANDE (NODEMANDE,NOSITE,SIRET,DATEDEMANDE,DATEENLEVEMENT,WEB_O_N,NOTOURNEE) values ('15','2','56483328350015',to_date('04/08/18','DD/MM/RR'),to_date('10/08/18','DD/MM/RR'),'N','6');
Insert into G6_RNATIONAL.DEMANDE (NODEMANDE,NOSITE,SIRET,DATEDEMANDE,DATEENLEVEMENT,WEB_O_N,NOTOURNEE) values ('16','2','125879255760011',to_date('04/08/18','DD/MM/RR'),to_date('20/08/18','DD/MM/RR'),'N','7');
Insert into G6_RNATIONAL.DEMANDE (NODEMANDE,NOSITE,SIRET,DATEDEMANDE,DATEENLEVEMENT,WEB_O_N,NOTOURNEE) values ('17','2','564712357860012',to_date('04/08/18','DD/MM/RR'),to_date('20/08/18','DD/MM/RR'),'N','7');
Insert into G6_RNATIONAL.DEMANDE (NODEMANDE,NOSITE,SIRET,DATEDEMANDE,DATEENLEVEMENT,WEB_O_N,NOTOURNEE) values ('18','1','546258732150011',to_date('03/09/18','DD/MM/RR'),to_date('20/09/18','DD/MM/RR'),'N','1');
Insert into G6_RNATIONAL.DEMANDE (NODEMANDE,NOSITE,SIRET,DATEDEMANDE,DATEENLEVEMENT,WEB_O_N,NOTOURNEE) values ('19','5','235463322450016',to_date('03/09/18','DD/MM/RR'),to_date('17/09/18','DD/MM/RR'),'N','2');
Insert into G6_RNATIONAL.DEMANDE (NODEMANDE,NOSITE,SIRET,DATEDEMANDE,DATEENLEVEMENT,WEB_O_N,NOTOURNEE) values ('20','3','554821876540036',to_date('03/09/18','DD/MM/RR'),to_date('20/09/18','DD/MM/RR'),'N','3');
Insert into G6_RNATIONAL.DEMANDE (NODEMANDE,NOSITE,SIRET,DATEDEMANDE,DATEENLEVEMENT,WEB_O_N,NOTOURNEE) values ('21','5','123451320010012',to_date('03/09/18','DD/MM/RR'),to_date('20/09/18','DD/MM/RR'),'N','4');
Insert into G6_RNATIONAL.DEMANDE (NODEMANDE,NOSITE,SIRET,DATEDEMANDE,DATEENLEVEMENT,WEB_O_N,NOTOURNEE) values ('22','3','123487583650015',to_date('12/09/18','DD/MM/RR'),to_date('20/09/18','DD/MM/RR'),'N','6');
Insert into G6_RNATIONAL.DEMANDE (NODEMANDE,NOSITE,SIRET,DATEDEMANDE,DATEENLEVEMENT,WEB_O_N,NOTOURNEE) values ('23','1','235463322450016',to_date('12/09/18','DD/MM/RR'),to_date('20/09/18','DD/MM/RR'),'N','7');
Insert into G6_RNATIONAL.DEMANDE (NODEMANDE,NOSITE,SIRET,DATEDEMANDE,DATEENLEVEMENT,WEB_O_N,NOTOURNEE) values ('24','4','123451320010012',to_date('16/09/18','DD/MM/RR'),to_date('24/09/18','DD/MM/RR'),'N','7');
Insert into G6_RNATIONAL.DEMANDE (NODEMANDE,NOSITE,SIRET,DATEDEMANDE,DATEENLEVEMENT,WEB_O_N,NOTOURNEE) values ('25','1','345655671230029',to_date('15/09/18','DD/MM/RR'),to_date('24/09/18','DD/MM/RR'),'N','5');
Insert into G6_RNATIONAL.DEMANDE (NODEMANDE,NOSITE,SIRET,DATEDEMANDE,DATEENLEVEMENT,WEB_O_N,NOTOURNEE) values ('26','3','56483328350015',to_date('16/09/18','DD/MM/RR'),to_date('28/09/18','DD/MM/RR'),'N','3');
Insert into G6_RNATIONAL.DEMANDE (NODEMANDE,NOSITE,SIRET,DATEDEMANDE,DATEENLEVEMENT,WEB_O_N,NOTOURNEE) values ('27','1','554821876540036',to_date('20/09/18','DD/MM/RR'),to_date('28/09/18','DD/MM/RR'),'N','2');
Insert into G6_RNATIONAL.DEMANDE (NODEMANDE,NOSITE,SIRET,DATEDEMANDE,DATEENLEVEMENT,WEB_O_N,NOTOURNEE) values ('28','1','235463322450016',to_date('21/09/18','DD/MM/RR'),to_date('30/09/18','DD/MM/RR'),'N','1');
Insert into G6_RNATIONAL.DEMANDE (NODEMANDE,NOSITE,SIRET,DATEDEMANDE,DATEENLEVEMENT,WEB_O_N,NOTOURNEE) values ('29','4','546258732150011',to_date('22/09/18','DD/MM/RR'),to_date('30/09/18','DD/MM/RR'),'N','4');
Insert into G6_RNATIONAL.DEMANDE (NODEMANDE,NOSITE,SIRET,DATEDEMANDE,DATEENLEVEMENT,WEB_O_N,NOTOURNEE) values ('30','5','564712357860012',to_date('28/09/18','DD/MM/RR'),to_date('01/10/18','DD/MM/RR'),'N','4');
Insert into G6_RNATIONAL.DEMANDE (NODEMANDE,NOSITE,SIRET,DATEDEMANDE,DATEENLEVEMENT,WEB_O_N,NOTOURNEE) values ('31','2','125879255760011',to_date('02/10/18','DD/MM/RR'),to_date('05/10/18','DD/MM/RR'),'N','6');
Insert into G6_RNATIONAL.DEMANDE (NODEMANDE,NOSITE,SIRET,DATEDEMANDE,DATEENLEVEMENT,WEB_O_N,NOTOURNEE) values ('32','2','56483328350015',to_date('03/10/18','DD/MM/RR'),to_date('12/10/18','DD/MM/RR'),'N','7');
Insert into G6_RNATIONAL.DEMANDE (NODEMANDE,NOSITE,SIRET,DATEDEMANDE,DATEENLEVEMENT,WEB_O_N,NOTOURNEE) values ('33','1','123487583650015',to_date('03/10/18','DD/MM/RR'),to_date('12/10/18','DD/MM/RR'),'N','5');
Insert into G6_RNATIONAL.DEMANDE (NODEMANDE,NOSITE,SIRET,DATEDEMANDE,DATEENLEVEMENT,WEB_O_N,NOTOURNEE) values ('34','4','345655671230029',to_date('04/10/18','DD/MM/RR'),to_date('10/10/18','DD/MM/RR'),'N','3');
Insert into G6_RNATIONAL.DEMANDE (NODEMANDE,NOSITE,SIRET,DATEDEMANDE,DATEENLEVEMENT,WEB_O_N,NOTOURNEE) values ('35','3','24565590120057',to_date('04/10/18','DD/MM/RR'),to_date('10/10/18','DD/MM/RR'),'N','2');
Insert into G6_RNATIONAL.DEMANDE (NODEMANDE,NOSITE,SIRET,DATEDEMANDE,DATEENLEVEMENT,WEB_O_N,NOTOURNEE) values ('36','3','123451320010012',to_date('10/10/18','DD/MM/RR'),to_date('15/10/18','DD/MM/RR'),'N','2');
Insert into G6_RNATIONAL.DEMANDE (NODEMANDE,NOSITE,SIRET,DATEDEMANDE,DATEENLEVEMENT,WEB_O_N,NOTOURNEE) values ('37','5','554821876540036',to_date('10/10/18','DD/MM/RR'),to_date('15/10/18','DD/MM/RR'),'N','1');
Insert into G6_RNATIONAL.DEMANDE (NODEMANDE,NOSITE,SIRET,DATEDEMANDE,DATEENLEVEMENT,WEB_O_N,NOTOURNEE) values ('38','5','24565590120057',to_date('12/10/18','DD/MM/RR'),to_date('18/10/18','DD/MM/RR'),'N','4');
Insert into G6_RNATIONAL.DEMANDE (NODEMANDE,NOSITE,SIRET,DATEDEMANDE,DATEENLEVEMENT,WEB_O_N,NOTOURNEE) values ('39','2','56483328350015',to_date('14/10/18','DD/MM/RR'),to_date('20/10/18','DD/MM/RR'),'N','6');
Insert into G6_RNATIONAL.DEMANDE (NODEMANDE,NOSITE,SIRET,DATEDEMANDE,DATEENLEVEMENT,WEB_O_N,NOTOURNEE) values ('40','5','564712357860012',to_date('15/10/18','DD/MM/RR'),to_date('20/10/18','DD/MM/RR'),'N','7');
Insert into G6_RNATIONAL.DEMANDE (NODEMANDE,NOSITE,SIRET,DATEDEMANDE,DATEENLEVEMENT,WEB_O_N,NOTOURNEE) values ('41','1','235463322450016',to_date('14/10/18','DD/MM/RR'),to_date('20/10/18','DD/MM/RR'),'N','3');
Insert into G6_RNATIONAL.DEMANDE (NODEMANDE,NOSITE,SIRET,DATEDEMANDE,DATEENLEVEMENT,WEB_O_N,NOTOURNEE) values ('42','1','125879255760011',to_date('09/11/18','DD/MM/RR'),to_date('15/11/18','DD/MM/RR'),'N',null);
Insert into G6_RNATIONAL.DEMANDE (NODEMANDE,NOSITE,SIRET,DATEDEMANDE,DATEENLEVEMENT,WEB_O_N,NOTOURNEE) values ('43','4','56483328350015',to_date('10/11/18','DD/MM/RR'),to_date('15/11/18','DD/MM/RR'),'N',null);
Insert into G6_RNATIONAL.DEMANDE (NODEMANDE,NOSITE,SIRET,DATEDEMANDE,DATEENLEVEMENT,WEB_O_N,NOTOURNEE) values ('44','2','12345678900001',to_date('25/08/18','DD/MM/RR'),to_date('01/09/18','DD/MM/RR'),'N','1');
Insert into G6_RNATIONAL.DEMANDE (NODEMANDE,NOSITE,SIRET,DATEDEMANDE,DATEENLEVEMENT,WEB_O_N,NOTOURNEE) values ('45','3','48334367900013',to_date('23/08/18','DD/MM/RR'),to_date('01/09/18','DD/MM/RR'),'N','1');
Insert into G6_RNATIONAL.DEMANDE (NODEMANDE,NOSITE,SIRET,DATEDEMANDE,DATEENLEVEMENT,WEB_O_N,NOTOURNEE) values ('46','4','33364631300010',to_date('23/08/18','DD/MM/RR'),to_date('01/09/18','DD/MM/RR'),'N','1');
Insert into G6_RNATIONAL.DEMANDE (NODEMANDE,NOSITE,SIRET,DATEDEMANDE,DATEENLEVEMENT,WEB_O_N,NOTOURNEE) values ('47','3','38310924600025',to_date('15/08/18','DD/MM/RR'),to_date('25/08/18','DD/MM/RR'),'O','2');
Insert into G6_RNATIONAL.DEMANDE (NODEMANDE,NOSITE,SIRET,DATEDEMANDE,DATEENLEVEMENT,WEB_O_N,NOTOURNEE) values ('48','4','41167102700059',to_date('15/08/18','DD/MM/RR'),to_date('26/08/18','DD/MM/RR'),'N','2');
Insert into G6_RNATIONAL.DEMANDE (NODEMANDE,NOSITE,SIRET,DATEDEMANDE,DATEENLEVEMENT,WEB_O_N,NOTOURNEE) values ('49','1','38238166300014',to_date('10/08/18','DD/MM/RR'),to_date('20/08/18','DD/MM/RR'),'O','3');
Insert into G6_RNATIONAL.DEMANDE (NODEMANDE,NOSITE,SIRET,DATEDEMANDE,DATEENLEVEMENT,WEB_O_N,NOTOURNEE) values ('50','1','41167102700059',to_date('10/08/18','DD/MM/RR'),to_date('18/08/18','DD/MM/RR'),'O','3');
Insert into G6_RNATIONAL.DEMANDE (NODEMANDE,NOSITE,SIRET,DATEDEMANDE,DATEENLEVEMENT,WEB_O_N,NOTOURNEE) values ('51','1','38219696200064',to_date('12/08/18','DD/MM/RR'),to_date('16/08/19','DD/MM/RR'),'N','4');
Insert into G6_RNATIONAL.DEMANDE (NODEMANDE,NOSITE,SIRET,DATEDEMANDE,DATEENLEVEMENT,WEB_O_N,NOTOURNEE) values ('52','1','42382805200013',to_date('12/08/18','DD/MM/RR'),to_date('15/08/19','DD/MM/RR'),'O','4');
Insert into G6_RNATIONAL.DEMANDE (NODEMANDE,NOSITE,SIRET,DATEDEMANDE,DATEENLEVEMENT,WEB_O_N,NOTOURNEE) values ('53','4','33041607400038',to_date('13/08/18','DD/MM/RR'),to_date('16/08/19','DD/MM/RR'),'O','4');
Insert into G6_RNATIONAL.DEMANDE (NODEMANDE,NOSITE,SIRET,DATEDEMANDE,DATEENLEVEMENT,WEB_O_N,NOTOURNEE) values ('54','2','38221444300014',to_date('13/08/18','DD/MM/RR'),to_date('17/08/19','DD/MM/RR'),'N','4');
Insert into G6_RNATIONAL.DEMANDE (NODEMANDE,NOSITE,SIRET,DATEDEMANDE,DATEENLEVEMENT,WEB_O_N,NOTOURNEE) values ('55','5','12345678900001',to_date('08/08/18','DD/MM/RR'),to_date('12/08/18','DD/MM/RR'),'N','5');
Insert into G6_RNATIONAL.DEMANDE (NODEMANDE,NOSITE,SIRET,DATEDEMANDE,DATEENLEVEMENT,WEB_O_N,NOTOURNEE) values ('56','3','48334367900013',to_date('08/08/18','DD/MM/RR'),to_date('13/08/18','DD/MM/RR'),'N','5');
Insert into G6_RNATIONAL.DEMANDE (NODEMANDE,NOSITE,SIRET,DATEDEMANDE,DATEENLEVEMENT,WEB_O_N,NOTOURNEE) values ('57','2','34567890120003',to_date('03/08/18','DD/MM/RR'),to_date('10/08/18','DD/MM/RR'),'O','6');
Insert into G6_RNATIONAL.DEMANDE (NODEMANDE,NOSITE,SIRET,DATEDEMANDE,DATEENLEVEMENT,WEB_O_N,NOTOURNEE) values ('58','4','23456789010002',to_date('03/08/18','DD/MM/RR'),to_date('10/08/18','DD/MM/RR'),'O','6');
Insert into G6_RNATIONAL.DEMANDE (NODEMANDE,NOSITE,SIRET,DATEDEMANDE,DATEENLEVEMENT,WEB_O_N,NOTOURNEE) values ('59','1','38219696200064',to_date('03/08/18','DD/MM/RR'),to_date('16/08/18','DD/MM/RR'),'N','7');
Insert into G6_RNATIONAL.DEMANDE (NODEMANDE,NOSITE,SIRET,DATEDEMANDE,DATEENLEVEMENT,WEB_O_N,NOTOURNEE) values ('60','5','42382805200013',to_date('03/08/18','DD/MM/RR'),to_date('16/08/18','DD/MM/RR'),'N','7');
Insert into G6_RNATIONAL.DEMANDE (NODEMANDE,NOSITE,SIRET,DATEDEMANDE,DATEENLEVEMENT,WEB_O_N,NOTOURNEE) values ('61','2','38219696200064',to_date('02/09/18','DD/MM/RR'),to_date('20/09/18','DD/MM/RR'),'N','1');
Insert into G6_RNATIONAL.DEMANDE (NODEMANDE,NOSITE,SIRET,DATEDEMANDE,DATEENLEVEMENT,WEB_O_N,NOTOURNEE) values ('62','5','38248452500037',to_date('02/09/18','DD/MM/RR'),to_date('15/09/18','DD/MM/RR'),'N','2');
Insert into G6_RNATIONAL.DEMANDE (NODEMANDE,NOSITE,SIRET,DATEDEMANDE,DATEENLEVEMENT,WEB_O_N,NOTOURNEE) values ('63','3','33364631300010',to_date('02/09/18','DD/MM/RR'),to_date('15/09/18','DD/MM/RR'),'N','3');
Insert into G6_RNATIONAL.DEMANDE (NODEMANDE,NOSITE,SIRET,DATEDEMANDE,DATEENLEVEMENT,WEB_O_N,NOTOURNEE) values ('64','4','38238166300014',to_date('02/09/18','DD/MM/RR'),to_date('20/09/18','DD/MM/RR'),'N','4');
Insert into G6_RNATIONAL.DEMANDE (NODEMANDE,NOSITE,SIRET,DATEDEMANDE,DATEENLEVEMENT,WEB_O_N,NOTOURNEE) values ('65','2','39116278100044',to_date('11/09/18','DD/MM/RR'),to_date('20/09/18','DD/MM/RR'),'O','6');
Insert into G6_RNATIONAL.DEMANDE (NODEMANDE,NOSITE,SIRET,DATEDEMANDE,DATEENLEVEMENT,WEB_O_N,NOTOURNEE) values ('66','4','38221444300014',to_date('11/09/18','DD/MM/RR'),to_date('21/09/18','DD/MM/RR'),'O','7');
Insert into G6_RNATIONAL.DEMANDE (NODEMANDE,NOSITE,SIRET,DATEDEMANDE,DATEENLEVEMENT,WEB_O_N,NOTOURNEE) values ('67','2','48334367900013',to_date('17/09/18','DD/MM/RR'),to_date('25/09/18','DD/MM/RR'),'O','7');
Insert into G6_RNATIONAL.DEMANDE (NODEMANDE,NOSITE,SIRET,DATEDEMANDE,DATEENLEVEMENT,WEB_O_N,NOTOURNEE) values ('68','1','39116278100044',to_date('17/09/18','DD/MM/RR'),to_date('25/09/18','DD/MM/RR'),'N','5');
Insert into G6_RNATIONAL.DEMANDE (NODEMANDE,NOSITE,SIRET,DATEDEMANDE,DATEENLEVEMENT,WEB_O_N,NOTOURNEE) values ('69','1','38310924600025',to_date('17/09/18','DD/MM/RR'),to_date('27/09/18','DD/MM/RR'),'N','3');
Insert into G6_RNATIONAL.DEMANDE (NODEMANDE,NOSITE,SIRET,DATEDEMANDE,DATEENLEVEMENT,WEB_O_N,NOTOURNEE) values ('70','4','42382805200013',to_date('20/09/18','DD/MM/RR'),to_date('30/09/18','DD/MM/RR'),'N','2');
Insert into G6_RNATIONAL.DEMANDE (NODEMANDE,NOSITE,SIRET,DATEDEMANDE,DATEENLEVEMENT,WEB_O_N,NOTOURNEE) values ('71','5','39116278100044',to_date('20/09/18','DD/MM/RR'),to_date('30/09/18','DD/MM/RR'),'N','1');
Insert into G6_RNATIONAL.DEMANDE (NODEMANDE,NOSITE,SIRET,DATEDEMANDE,DATEENLEVEMENT,WEB_O_N,NOTOURNEE) values ('72','3','38221444300014',to_date('20/09/18','DD/MM/RR'),to_date('30/09/18','DD/MM/RR'),'O','4');
Insert into G6_RNATIONAL.DEMANDE (NODEMANDE,NOSITE,SIRET,DATEDEMANDE,DATEENLEVEMENT,WEB_O_N,NOTOURNEE) values ('73','4','38219696200064',to_date('28/09/18','DD/MM/RR'),to_date('01/10/18','DD/MM/RR'),'N','4');
Insert into G6_RNATIONAL.DEMANDE (NODEMANDE,NOSITE,SIRET,DATEDEMANDE,DATEENLEVEMENT,WEB_O_N,NOTOURNEE) values ('74','1','38248452500037',to_date('01/10/18','DD/MM/RR'),to_date('04/10/18','DD/MM/RR'),'N','6');
Insert into G6_RNATIONAL.DEMANDE (NODEMANDE,NOSITE,SIRET,DATEDEMANDE,DATEENLEVEMENT,WEB_O_N,NOTOURNEE) values ('75','2','12345678900001',to_date('02/10/18','DD/MM/RR'),to_date('10/10/18','DD/MM/RR'),'N','7');
Insert into G6_RNATIONAL.DEMANDE (NODEMANDE,NOSITE,SIRET,DATEDEMANDE,DATEENLEVEMENT,WEB_O_N,NOTOURNEE) values ('76','2','34567890120003',to_date('02/10/18','DD/MM/RR'),to_date('10/10/18','DD/MM/RR'),'N','5');
Insert into G6_RNATIONAL.DEMANDE (NODEMANDE,NOSITE,SIRET,DATEDEMANDE,DATEENLEVEMENT,WEB_O_N,NOTOURNEE) values ('77','5','39116278100044',to_date('04/10/18','DD/MM/RR'),to_date('10/10/18','DD/MM/RR'),'O','3');
Insert into G6_RNATIONAL.DEMANDE (NODEMANDE,NOSITE,SIRET,DATEDEMANDE,DATEENLEVEMENT,WEB_O_N,NOTOURNEE) values ('78','3','38221444300014',to_date('04/10/18','DD/MM/RR'),to_date('10/10/18','DD/MM/RR'),'O','2');
Insert into G6_RNATIONAL.DEMANDE (NODEMANDE,NOSITE,SIRET,DATEDEMANDE,DATEENLEVEMENT,WEB_O_N,NOTOURNEE) values ('79','3','38238166300014',to_date('09/10/18','DD/MM/RR'),to_date('15/10/18','DD/MM/RR'),'N','2');
Insert into G6_RNATIONAL.DEMANDE (NODEMANDE,NOSITE,SIRET,DATEDEMANDE,DATEENLEVEMENT,WEB_O_N,NOTOURNEE) values ('80','1','38221444300014',to_date('10/10/18','DD/MM/RR'),to_date('15/10/18','DD/MM/RR'),'N','1');
Insert into G6_RNATIONAL.DEMANDE (NODEMANDE,NOSITE,SIRET,DATEDEMANDE,DATEENLEVEMENT,WEB_O_N,NOTOURNEE) values ('81','1','33041607400038',to_date('11/10/18','DD/MM/RR'),to_date('15/10/18','DD/MM/RR'),'O','4');
Insert into G6_RNATIONAL.DEMANDE (NODEMANDE,NOSITE,SIRET,DATEDEMANDE,DATEENLEVEMENT,WEB_O_N,NOTOURNEE) values ('82','3','41167102700059',to_date('14/10/18','DD/MM/RR'),to_date('20/10/18','DD/MM/RR'),'N','6');
Insert into G6_RNATIONAL.DEMANDE (NODEMANDE,NOSITE,SIRET,DATEDEMANDE,DATEENLEVEMENT,WEB_O_N,NOTOURNEE) values ('83','2','38248452500037',to_date('15/10/18','DD/MM/RR'),to_date('20/10/18','DD/MM/RR'),'N','7');
Insert into G6_RNATIONAL.DEMANDE (NODEMANDE,NOSITE,SIRET,DATEDEMANDE,DATEENLEVEMENT,WEB_O_N,NOTOURNEE) values ('84','5','38238166300014',to_date('14/10/18','DD/MM/RR'),to_date('20/10/18','DD/MM/RR'),'O','3');
Insert into G6_RNATIONAL.DEMANDE (NODEMANDE,NOSITE,SIRET,DATEDEMANDE,DATEENLEVEMENT,WEB_O_N,NOTOURNEE) values ('85','2','39116278100044',to_date('10/11/18','DD/MM/RR'),to_date('16/11/18','DD/MM/RR'),'N',null);
Insert into G6_RNATIONAL.DEMANDE (NODEMANDE,NOSITE,SIRET,DATEDEMANDE,DATEENLEVEMENT,WEB_O_N,NOTOURNEE) values ('86','1','33364631300010',to_date('10/11/18','DD/MM/RR'),to_date('16/11/18','DD/MM/RR'),'N',null);
REM INSERTING into G6_RNATIONAL.DETAILDEMANDE
SET DEFINE OFF;
Insert into G6_RNATIONAL.DETAILDEMANDE (NODEMANDE,NOTYPEDECHET,QUANTITE,QUANTITECOLLECTEE,REMARQUE) values ('1','1','100','100',null);
Insert into G6_RNATIONAL.DETAILDEMANDE (NODEMANDE,NOTYPEDECHET,QUANTITE,QUANTITECOLLECTEE,REMARQUE) values ('1','2','50','50',null);
Insert into G6_RNATIONAL.DETAILDEMANDE (NODEMANDE,NOTYPEDECHET,QUANTITE,QUANTITECOLLECTEE,REMARQUE) values ('2','2','150','150','Urgent                                                                                              ');
Insert into G6_RNATIONAL.DETAILDEMANDE (NODEMANDE,NOTYPEDECHET,QUANTITE,QUANTITECOLLECTEE,REMARQUE) values ('3','6','20','20',null);
Insert into G6_RNATIONAL.DETAILDEMANDE (NODEMANDE,NOTYPEDECHET,QUANTITE,QUANTITECOLLECTEE,REMARQUE) values ('4','1','55','55',null);
Insert into G6_RNATIONAL.DETAILDEMANDE (NODEMANDE,NOTYPEDECHET,QUANTITE,QUANTITECOLLECTEE,REMARQUE) values ('5','12','10','10',null);
Insert into G6_RNATIONAL.DETAILDEMANDE (NODEMANDE,NOTYPEDECHET,QUANTITE,QUANTITECOLLECTEE,REMARQUE) values ('6','12','15','15',null);
Insert into G6_RNATIONAL.DETAILDEMANDE (NODEMANDE,NOTYPEDECHET,QUANTITE,QUANTITECOLLECTEE,REMARQUE) values ('6','1','65','65',null);
Insert into G6_RNATIONAL.DETAILDEMANDE (NODEMANDE,NOTYPEDECHET,QUANTITE,QUANTITECOLLECTEE,REMARQUE) values ('7','2','40','40',null);
Insert into G6_RNATIONAL.DETAILDEMANDE (NODEMANDE,NOTYPEDECHET,QUANTITE,QUANTITECOLLECTEE,REMARQUE) values ('8','1','80','80',null);
Insert into G6_RNATIONAL.DETAILDEMANDE (NODEMANDE,NOTYPEDECHET,QUANTITE,QUANTITECOLLECTEE,REMARQUE) values ('9','6','20','20',null);
Insert into G6_RNATIONAL.DETAILDEMANDE (NODEMANDE,NOTYPEDECHET,QUANTITE,QUANTITECOLLECTEE,REMARQUE) values ('10','3','50','50',null);
Insert into G6_RNATIONAL.DETAILDEMANDE (NODEMANDE,NOTYPEDECHET,QUANTITE,QUANTITECOLLECTEE,REMARQUE) values ('11','1','50','50',null);
Insert into G6_RNATIONAL.DETAILDEMANDE (NODEMANDE,NOTYPEDECHET,QUANTITE,QUANTITECOLLECTEE,REMARQUE) values ('12','6','10','10',null);
Insert into G6_RNATIONAL.DETAILDEMANDE (NODEMANDE,NOTYPEDECHET,QUANTITE,QUANTITECOLLECTEE,REMARQUE) values ('13','7','20','20','Grosses plaques de m?tal                                                                          ');
Insert into G6_RNATIONAL.DETAILDEMANDE (NODEMANDE,NOTYPEDECHET,QUANTITE,QUANTITECOLLECTEE,REMARQUE) values ('14','1','50','50',null);
Insert into G6_RNATIONAL.DETAILDEMANDE (NODEMANDE,NOTYPEDECHET,QUANTITE,QUANTITECOLLECTEE,REMARQUE) values ('15','5','60','60',null);
Insert into G6_RNATIONAL.DETAILDEMANDE (NODEMANDE,NOTYPEDECHET,QUANTITE,QUANTITECOLLECTEE,REMARQUE) values ('15','7','10','10','Plusieurs objets m?taliques                                                                       ');
Insert into G6_RNATIONAL.DETAILDEMANDE (NODEMANDE,NOTYPEDECHET,QUANTITE,QUANTITECOLLECTEE,REMARQUE) values ('16','11','50','50','Huile essentiellement                                                                               ');
Insert into G6_RNATIONAL.DETAILDEMANDE (NODEMANDE,NOTYPEDECHET,QUANTITE,QUANTITECOLLECTEE,REMARQUE) values ('17','4','30','30','N?ons et autres                                                                                   ');
Insert into G6_RNATIONAL.DETAILDEMANDE (NODEMANDE,NOTYPEDECHET,QUANTITE,QUANTITECOLLECTEE,REMARQUE) values ('18','2','30','30',null);
Insert into G6_RNATIONAL.DETAILDEMANDE (NODEMANDE,NOTYPEDECHET,QUANTITE,QUANTITECOLLECTEE,REMARQUE) values ('18','8','50','50','Branchages                                                                                          ');
Insert into G6_RNATIONAL.DETAILDEMANDE (NODEMANDE,NOTYPEDECHET,QUANTITE,QUANTITECOLLECTEE,REMARQUE) values ('18','12','60','60',null);
Insert into G6_RNATIONAL.DETAILDEMANDE (NODEMANDE,NOTYPEDECHET,QUANTITE,QUANTITECOLLECTEE,REMARQUE) values ('19','1','60','60',null);
REM INSERTING into G6_RNATIONAL.DETAILDEPOT
SET DEFINE OFF;
Insert into G6_RNATIONAL.DETAILDEPOT (NOTOURNEE,NOTYPEDECHET,NOCENTRE,QUANTITEDEPOSEE) values ('1','1','1','100');
Insert into G6_RNATIONAL.DETAILDEPOT (NOTOURNEE,NOTYPEDECHET,NOCENTRE,QUANTITEDEPOSEE) values ('1','2','1','290');
Insert into G6_RNATIONAL.DETAILDEPOT (NOTOURNEE,NOTYPEDECHET,NOCENTRE,QUANTITEDEPOSEE) values ('1','4','1','55');
Insert into G6_RNATIONAL.DETAILDEPOT (NOTOURNEE,NOTYPEDECHET,NOCENTRE,QUANTITEDEPOSEE) values ('1','12','4','60');
Insert into G6_RNATIONAL.DETAILDEPOT (NOTOURNEE,NOTYPEDECHET,NOCENTRE,QUANTITEDEPOSEE) values ('1','8','4','50');
Insert into G6_RNATIONAL.DETAILDEPOT (NOTOURNEE,NOTYPEDECHET,NOCENTRE,QUANTITEDEPOSEE) values ('1','6','5','20');
Insert into G6_RNATIONAL.DETAILDEPOT (NOTOURNEE,NOTYPEDECHET,NOCENTRE,QUANTITEDEPOSEE) values ('2','11','2','85');
Insert into G6_RNATIONAL.DETAILDEPOT (NOTOURNEE,NOTYPEDECHET,NOCENTRE,QUANTITEDEPOSEE) values ('2','1','2','115');
Insert into G6_RNATIONAL.DETAILDEPOT (NOTOURNEE,NOTYPEDECHET,NOCENTRE,QUANTITEDEPOSEE) values ('2','12','2','10');
Insert into G6_RNATIONAL.DETAILDEPOT (NOTOURNEE,NOTYPEDECHET,NOCENTRE,QUANTITEDEPOSEE) values ('3','7','1','50');
Insert into G6_RNATIONAL.DETAILDEPOT (NOTOURNEE,NOTYPEDECHET,NOCENTRE,QUANTITEDEPOSEE) values ('3','2','3','140');
Insert into G6_RNATIONAL.DETAILDEPOT (NOTOURNEE,NOTYPEDECHET,NOCENTRE,QUANTITEDEPOSEE) values ('3','1','1','170');
Insert into G6_RNATIONAL.DETAILDEPOT (NOTOURNEE,NOTYPEDECHET,NOCENTRE,QUANTITEDEPOSEE) values ('3','12','3','35');
Insert into G6_RNATIONAL.DETAILDEPOT (NOTOURNEE,NOTYPEDECHET,NOCENTRE,QUANTITEDEPOSEE) values ('4','2','2','50');
Insert into G6_RNATIONAL.DETAILDEPOT (NOTOURNEE,NOTYPEDECHET,NOCENTRE,QUANTITEDEPOSEE) values ('4','4','2','100');
Insert into G6_RNATIONAL.DETAILDEPOT (NOTOURNEE,NOTYPEDECHET,NOCENTRE,QUANTITEDEPOSEE) values ('4','1','2','130');
Insert into G6_RNATIONAL.DETAILDEPOT (NOTOURNEE,NOTYPEDECHET,NOCENTRE,QUANTITEDEPOSEE) values ('4','3','2','50');
Insert into G6_RNATIONAL.DETAILDEPOT (NOTOURNEE,NOTYPEDECHET,NOCENTRE,QUANTITEDEPOSEE) values ('4','6','2','20');
Insert into G6_RNATIONAL.DETAILDEPOT (NOTOURNEE,NOTYPEDECHET,NOCENTRE,QUANTITEDEPOSEE) values ('4','7','4','50');
Insert into G6_RNATIONAL.DETAILDEPOT (NOTOURNEE,NOTYPEDECHET,NOCENTRE,QUANTITEDEPOSEE) values ('5','7','3','20');
Insert into G6_RNATIONAL.DETAILDEPOT (NOTOURNEE,NOTYPEDECHET,NOCENTRE,QUANTITEDEPOSEE) values ('5','6','3','60');
Insert into G6_RNATIONAL.DETAILDEPOT (NOTOURNEE,NOTYPEDECHET,NOCENTRE,QUANTITEDEPOSEE) values ('5','1','3','110');
Insert into G6_RNATIONAL.DETAILDEPOT (NOTOURNEE,NOTYPEDECHET,NOCENTRE,QUANTITEDEPOSEE) values ('6','1','4','150');
Insert into G6_RNATIONAL.DETAILDEPOT (NOTOURNEE,NOTYPEDECHET,NOCENTRE,QUANTITEDEPOSEE) values ('6','5','4','60');
Insert into G6_RNATIONAL.DETAILDEPOT (NOTOURNEE,NOTYPEDECHET,NOCENTRE,QUANTITEDEPOSEE) values ('6','6','4','14');
Insert into G6_RNATIONAL.DETAILDEPOT (NOTOURNEE,NOTYPEDECHET,NOCENTRE,QUANTITEDEPOSEE) values ('6','7','4','10');
Insert into G6_RNATIONAL.DETAILDEPOT (NOTOURNEE,NOTYPEDECHET,NOCENTRE,QUANTITEDEPOSEE) values ('6','8','4','40');
Insert into G6_RNATIONAL.DETAILDEPOT (NOTOURNEE,NOTYPEDECHET,NOCENTRE,QUANTITEDEPOSEE) values ('7','4','3','60');
Insert into G6_RNATIONAL.DETAILDEPOT (NOTOURNEE,NOTYPEDECHET,NOCENTRE,QUANTITEDEPOSEE) values ('7','11','3','50');
Insert into G6_RNATIONAL.DETAILDEPOT (NOTOURNEE,NOTYPEDECHET,NOCENTRE,QUANTITEDEPOSEE) values ('7','7','5','110');
Insert into G6_RNATIONAL.DETAILDEPOT (NOTOURNEE,NOTYPEDECHET,NOCENTRE,QUANTITEDEPOSEE) values ('7','1','5','80');
REM INSERTING into G6_RNATIONAL.EMPLOYE
SET DEFINE OFF;
Insert into G6_RNATIONAL.EMPLOYE (NOEMPLOYE,NOFONCTION,NOSITE,NOM,PRENOM,DATENAISS,DATEEMBAUCHE,SALAIRE) values ('1','1','1','Dupond                                            ','Marc                                              ',to_date('18/01/70','DD/MM/RR'),to_date('25/12/03','DD/MM/RR'),'1300');
Insert into G6_RNATIONAL.EMPLOYE (NOEMPLOYE,NOFONCTION,NOSITE,NOM,PRENOM,DATENAISS,DATEEMBAUCHE,SALAIRE) values ('2','1','2','Larby                                             ','Antoine                                           ',to_date('22/03/79','DD/MM/RR'),to_date('12/05/05','DD/MM/RR'),'1500');
Insert into G6_RNATIONAL.EMPLOYE (NOEMPLOYE,NOFONCTION,NOSITE,NOM,PRENOM,DATENAISS,DATEEMBAUCHE,SALAIRE) values ('3','2','1','Zevallos                                          ','Juliana                                           ',to_date('05/07/80','DD/MM/RR'),to_date('30/03/99','DD/MM/RR'),'2000');
Insert into G6_RNATIONAL.EMPLOYE (NOEMPLOYE,NOFONCTION,NOSITE,NOM,PRENOM,DATENAISS,DATEEMBAUCHE,SALAIRE) values ('4','1','3','Randal                                            ','Didier                                            ',to_date('11/11/75','DD/MM/RR'),to_date('25/02/00','DD/MM/RR'),'1500');
Insert into G6_RNATIONAL.EMPLOYE (NOEMPLOYE,NOFONCTION,NOSITE,NOM,PRENOM,DATENAISS,DATEEMBAUCHE,SALAIRE) values ('5','1','3','Delhaye                                           ','Marcus                                            ',to_date('14/12/68','DD/MM/RR'),to_date('31/07/00','DD/MM/RR'),'1550');
Insert into G6_RNATIONAL.EMPLOYE (NOEMPLOYE,NOFONCTION,NOSITE,NOM,PRENOM,DATENAISS,DATEEMBAUCHE,SALAIRE) values ('6','4','3','Simon                                             ','Daniel                                            ',to_date('29/03/62','DD/MM/RR'),to_date('16/07/04','DD/MM/RR'),'2000');
Insert into G6_RNATIONAL.EMPLOYE (NOEMPLOYE,NOFONCTION,NOSITE,NOM,PRENOM,DATENAISS,DATEEMBAUCHE,SALAIRE) values ('7','5','5','Anders                                            ','Marie-Laure                                       ',to_date('16/06/68','DD/MM/RR'),to_date('26/09/01','DD/MM/RR'),'1900');
Insert into G6_RNATIONAL.EMPLOYE (NOEMPLOYE,NOFONCTION,NOSITE,NOM,PRENOM,DATENAISS,DATEEMBAUCHE,SALAIRE) values ('8','1','5','Vanmeersch                                        ','Martin                                            ',to_date('26/03/80','DD/MM/RR'),to_date('01/05/06','DD/MM/RR'),'1450');
Insert into G6_RNATIONAL.EMPLOYE (NOEMPLOYE,NOFONCTION,NOSITE,NOM,PRENOM,DATENAISS,DATEEMBAUCHE,SALAIRE) values ('9','2','5','Decuyper                                          ','Liesbeth                                          ',to_date('25/09/80','DD/MM/RR'),to_date('30/06/99','DD/MM/RR'),'2100');
Insert into G6_RNATIONAL.EMPLOYE (NOEMPLOYE,NOFONCTION,NOSITE,NOM,PRENOM,DATENAISS,DATEEMBAUCHE,SALAIRE) values ('10','1','4','Martele                                           ','Maarten                                           ',to_date('11/05/75','DD/MM/RR'),to_date('15/02/00','DD/MM/RR'),'1400');
Insert into G6_RNATIONAL.EMPLOYE (NOEMPLOYE,NOFONCTION,NOSITE,NOM,PRENOM,DATENAISS,DATEEMBAUCHE,SALAIRE) values ('11','1','4','Ide                                               ','Vivien                                            ',to_date('04/12/70','DD/MM/RR'),to_date('31/07/01','DD/MM/RR'),'1450');
Insert into G6_RNATIONAL.EMPLOYE (NOEMPLOYE,NOFONCTION,NOSITE,NOM,PRENOM,DATENAISS,DATEEMBAUCHE,SALAIRE) values ('12','4','4','Anderson                                          ','Dirk                                              ',to_date('02/03/65','DD/MM/RR'),to_date('18/07/06','DD/MM/RR'),'2200');
Insert into G6_RNATIONAL.EMPLOYE (NOEMPLOYE,NOFONCTION,NOSITE,NOM,PRENOM,DATENAISS,DATEEMBAUCHE,SALAIRE) values ('13','5','2','Verelst                                           ','Jurgen                                            ',to_date('17/08/68','DD/MM/RR'),to_date('20/09/03','DD/MM/RR'),'1800');
Insert into G6_RNATIONAL.EMPLOYE (NOEMPLOYE,NOFONCTION,NOSITE,NOM,PRENOM,DATENAISS,DATEEMBAUCHE,SALAIRE) values ('14','1','2','Brila                                             ','Danny                                             ',to_date('20/03/70','DD/MM/RR'),to_date('25/11/04','DD/MM/RR'),'1350');
REM INSERTING into G6_RNATIONAL.ENTREPRISE
SET DEFINE OFF;
Insert into G6_RNATIONAL.ENTREPRISE (SIRET,RAISONSOCIALE,NORUE,RUE,CPOSTAL,VILLE,NOTEL,CONTACT) values ('123451320010012','Decathlon                                         ','25','Avenue Watrelos                                                                                                                                                                                         ','59650','Villeneuve                                        ','0339275236','M Vanderelst                                      ');
Insert into G6_RNATIONAL.ENTREPRISE (SIRET,RAISONSOCIALE,NORUE,RUE,CPOSTAL,VILLE,NOTEL,CONTACT) values ('24565590120057','Castorama                                         ','15','Rue des plages                                                                                                                                                                                          ','59175','Templemars                                        ','0336215879','M Didire                                          ');
Insert into G6_RNATIONAL.ENTREPRISE (SIRET,RAISONSOCIALE,NORUE,RUE,CPOSTAL,VILLE,NOTEL,CONTACT) values ('345655671230029','Toyota Motor                                      ','120','rue des Mirails                                                                                                                                                                                         ','59264','Onnaing                                           ','0356879321','Mme Crespin                                       ');
Insert into G6_RNATIONAL.ENTREPRISE (SIRET,RAISONSOCIALE,NORUE,RUE,CPOSTAL,VILLE,NOTEL,CONTACT) values ('123487583650015','Dalkia France                                     ','45','Boulevard Marchand                                                                                                                                                                                      ','59350','Saint Andr?? les Lille                        ','0356865871','Mme Dreschler                                     ');
Insert into G6_RNATIONAL.ENTREPRISE (SIRET,RAISONSOCIALE,NORUE,RUE,CPOSTAL,VILLE,NOTEL,CONTACT) values ('56483328350015','Selarl Despagne Maes                              ','36','Rue des pyramides                                                                                                                                                                                       ','59000','Lille                                             ','0356766821','M Despadre                                        ');
Insert into G6_RNATIONAL.ENTREPRISE (SIRET,RAISONSOCIALE,NORUE,RUE,CPOSTAL,VILLE,NOTEL,CONTACT) values ('125879255760011','Lunginnov                                         ','36','Rue dix bars                                                                                                                                                                                            ','59000','Lille                                             ','0355676354','M Attaf                                           ');
Insert into G6_RNATIONAL.ENTREPRISE (SIRET,RAISONSOCIALE,NORUE,RUE,CPOSTAL,VILLE,NOTEL,CONTACT) values ('564712357860012','Yassin Attof                                      ','44','Avenue Marx Dormoy                                                                                                                                                                                      ','59000','Lille                                             ','0356246387','M Yassin Attof                                    ');
Insert into G6_RNATIONAL.ENTREPRISE (SIRET,RAISONSOCIALE,NORUE,RUE,CPOSTAL,VILLE,NOTEL,CONTACT) values ('546258732150011','Le moulin meunier                                 ','15','Rue de Tournai                                                                                                                                                                                          ','59000','Lille                                             ','0365322522','M Meunier                                         ');
Insert into G6_RNATIONAL.ENTREPRISE (SIRET,RAISONSOCIALE,NORUE,RUE,CPOSTAL,VILLE,NOTEL,CONTACT) values ('235463322450016','Eole                                              ','61','Avenue du peuple Belge                                                                                                                                                                                  ','59800','Lille                                             ','0323543325','M Duperche                                        ');
Insert into G6_RNATIONAL.ENTREPRISE (SIRET,RAISONSOCIALE,NORUE,RUE,CPOSTAL,VILLE,NOTEL,CONTACT) values ('554821876540036','Armel                                             ','22','Place des Reignaux                                                                                                                                                                                      ','59800','Lille                                             ','0331256484','M Yakamoz                                         ');
Insert into G6_RNATIONAL.ENTREPRISE (SIRET,RAISONSOCIALE,NORUE,RUE,CPOSTAL,VILLE,NOTEL,CONTACT) values ('12345678900001','Energym                                           ','10','Boulevard de Pontoise                                                                                                                                                                                   ','95000','Pontoise                                          ','0134205236','Mme servant                                       ');
Insert into G6_RNATIONAL.ENTREPRISE (SIRET,RAISONSOCIALE,NORUE,RUE,CPOSTAL,VILLE,NOTEL,CONTACT) values ('23456789010002','La cl?? des champs                            ','18','Rue des Nouvelles                                                                                                                                                                                       ','95490','Vaur??al                                      ','0135615879','M Fourdan                                         ');
Insert into G6_RNATIONAL.ENTREPRISE (SIRET,RAISONSOCIALE,NORUE,RUE,CPOSTAL,VILLE,NOTEL,CONTACT) values ('34567890120003','Formalys                                          ','145','rue des Allouettes                                                                                                                                                                                      ','78000','Saint Germain                                     ','0136579321','M Cresdon                                         ');
Insert into G6_RNATIONAL.ENTREPRISE (SIRET,RAISONSOCIALE,NORUE,RUE,CPOSTAL,VILLE,NOTEL,CONTACT) values ('48334367900013','Cartoooche                                        ','84','avenue de la R??publique                                                                                                                                                                            ','75011','Paris                                             ','0135201895','M Dun                                             ');
Insert into G6_RNATIONAL.ENTREPRISE (SIRET,RAISONSOCIALE,NORUE,RUE,CPOSTAL,VILLE,NOTEL,CONTACT) values ('39116278100044','Propack                                           ','140','rue du faubourg Saint Honor??                                                                                                                                                                       ','75008','Paris                                             ','0135206598','M Corall                                          ');
Insert into G6_RNATIONAL.ENTREPRISE (SIRET,RAISONSOCIALE,NORUE,RUE,CPOSTAL,VILLE,NOTEL,CONTACT) values ('38221444300014','Mavick                                            ','32','rue du G??n??ral Beuret                                                                                                                                                                         ','75015','Paris                                             ','0136548790','M Dravick                                         ');
Insert into G6_RNATIONAL.ENTREPRISE (SIRET,RAISONSOCIALE,NORUE,RUE,CPOSTAL,VILLE,NOTEL,CONTACT) values ('38310924600025','Aqualia                                           ','26','rue Nicolai                                                                                                                                                                                             ','7512','Paris                                             ','0135659875','M Brilat                                          ');
Insert into G6_RNATIONAL.ENTREPRISE (SIRET,RAISONSOCIALE,NORUE,RUE,CPOSTAL,VILLE,NOTEL,CONTACT) values ('33041607400038','Perenco                                           ','7','rue de logelbach                                                                                                                                                                                        ','75017','Paris                                             ','0135879632','Mme Vandenberck                                   ');
Insert into G6_RNATIONAL.ENTREPRISE (SIRET,RAISONSOCIALE,NORUE,RUE,CPOSTAL,VILLE,NOTEL,CONTACT) values ('41167102700059','Caroil                                            ','51','rue Anjou                                                                                                                                                                                               ','75008','Paris                                             ','0135647562','M Durand                                          ');
Insert into G6_RNATIONAL.ENTREPRISE (SIRET,RAISONSOCIALE,NORUE,RUE,CPOSTAL,VILLE,NOTEL,CONTACT) values ('38238166300014','Atelier Joel                                      ','135','Boulevard de Sebastopol                                                                                                                                                                                 ','75002','Paris                                             ','0136546874','M Fractur                                         ');
Insert into G6_RNATIONAL.ENTREPRISE (SIRET,RAISONSOCIALE,NORUE,RUE,CPOSTAL,VILLE,NOTEL,CONTACT) values ('33364631300010','Ciambelli                                         ','12','rue Dauphine                                                                                                                                                                                            ','75006','Paris                                             ','0135213258','M Dactibne                                        ');
Insert into G6_RNATIONAL.ENTREPRISE (SIRET,RAISONSOCIALE,NORUE,RUE,CPOSTAL,VILLE,NOTEL,CONTACT) values ('41392116400013','Antada                                            ','3','rue du colonel Moll                                                                                                                                                                                     ','75017','Paris                                             ','0134542655','M Martin                                          ');
Insert into G6_RNATIONAL.ENTREPRISE (SIRET,RAISONSOCIALE,NORUE,RUE,CPOSTAL,VILLE,NOTEL,CONTACT) values ('42382805200013','AJLC                                              ','18','rue Saint Ferdinand                                                                                                                                                                                     ','75017','Paris                                             ','0135213265','Mme Lutin                                         ');
Insert into G6_RNATIONAL.ENTREPRISE (SIRET,RAISONSOCIALE,NORUE,RUE,CPOSTAL,VILLE,NOTEL,CONTACT) values ('38248452500037','Tyfatou                                           ','103','rue de Rennes                                                                                                                                                                                           ','75006','Paris                                             ','0135213658','M Detallis                                        ');
Insert into G6_RNATIONAL.ENTREPRISE (SIRET,RAISONSOCIALE,NORUE,RUE,CPOSTAL,VILLE,NOTEL,CONTACT) values ('38219696200064','Arkanorum                                         ','27','rue de Linne                                                                                                                                                                                            ','75005','Paris                                             ','0134206741','Mme Lorginel                                      ');
REM INSERTING into G6_RNATIONAL.FONCTION
SET DEFINE OFF;
Insert into G6_RNATIONAL.FONCTION (NOFONCTION,NOM) values ('1','Chauffeur                                         ');
Insert into G6_RNATIONAL.FONCTION (NOFONCTION,NOM) values ('2','Secr�taire                                       ');
Insert into G6_RNATIONAL.FONCTION (NOFONCTION,NOM) values ('3','Commercial                                        ');
Insert into G6_RNATIONAL.FONCTION (NOFONCTION,NOM) values ('4','Directeur                                         ');
Insert into G6_RNATIONAL.FONCTION (NOFONCTION,NOM) values ('5','Contr�leur                                       ');
REM INSERTING into G6_RNATIONAL.MARQUE
SET DEFINE OFF;
Insert into G6_RNATIONAL.MARQUE (NOMARQUE,NOM) values ('1','Peugot                                            ');
Insert into G6_RNATIONAL.MARQUE (NOMARQUE,NOM) values ('2','Seat                                              ');
Insert into G6_RNATIONAL.MARQUE (NOMARQUE,NOM) values ('3','Renault                                           ');
Insert into G6_RNATIONAL.MARQUE (NOMARQUE,NOM) values ('4','Dacia                                             ');
Insert into G6_RNATIONAL.MARQUE (NOMARQUE,NOM) values ('5','Kia                                               ');
Insert into G6_RNATIONAL.MARQUE (NOMARQUE,NOM) values ('6','Mercedes                                          ');
Insert into G6_RNATIONAL.MARQUE (NOMARQUE,NOM) values ('7','Man                                               ');
REM INSERTING into G6_RNATIONAL.MODELE
SET DEFINE OFF;
Insert into G6_RNATIONAL.MODELE (NOMODELE,NOMARQUE,NOM,CONTENANCE,UNITE) values ('1','1','EXPERT TEPEE LONG                                 ','500','kg   ');
Insert into G6_RNATIONAL.MODELE (NOMODELE,NOMARQUE,NOM,CONTENANCE,UNITE) values ('2','1','EXPERT TEPEE COURT                                ','550','kg   ');
Insert into G6_RNATIONAL.MODELE (NOMODELE,NOMARQUE,NOM,CONTENANCE,UNITE) values ('3','1','PARTNER TEPEE                                     ','450','kg   ');
Insert into G6_RNATIONAL.MODELE (NOMODELE,NOMARQUE,NOM,CONTENANCE,UNITE) values ('4','1','BIPPER TEPEE                                      ','250','kg   ');
Insert into G6_RNATIONAL.MODELE (NOMODELE,NOMARQUE,NOM,CONTENANCE,UNITE) values ('5','2','SEAT INCA                                         ','350','kg   ');
Insert into G6_RNATIONAL.MODELE (NOMODELE,NOMARQUE,NOM,CONTENANCE,UNITE) values ('6','2','SEAT ALHAMBRA                                     ','400','kg   ');
Insert into G6_RNATIONAL.MODELE (NOMODELE,NOMARQUE,NOM,CONTENANCE,UNITE) values ('7','3','KANGOO EXPRESS                                    ','200','kg   ');
Insert into G6_RNATIONAL.MODELE (NOMODELE,NOMARQUE,NOM,CONTENANCE,UNITE) values ('8','3','KANGOO TRAFIC                                     ','600','kg   ');
Insert into G6_RNATIONAL.MODELE (NOMODELE,NOMARQUE,NOM,CONTENANCE,UNITE) values ('9','3','MASTER                                            ','500','kg   ');
Insert into G6_RNATIONAL.MODELE (NOMODELE,NOMARQUE,NOM,CONTENANCE,UNITE) values ('10','4','DOKKER VAN                                        ','500','kg   ');
Insert into G6_RNATIONAL.MODELE (NOMODELE,NOMARQUE,NOM,CONTENANCE,UNITE) values ('11','4','DUSTER SOCIETE                                    ','200','kg   ');
Insert into G6_RNATIONAL.MODELE (NOMODELE,NOMARQUE,NOM,CONTENANCE,UNITE) values ('12','5','SORENTO ORIGINS                                   ','400','kg   ');
Insert into G6_RNATIONAL.MODELE (NOMODELE,NOMARQUE,NOM,CONTENANCE,UNITE) values ('13','3','ZE                                                ','1000','kg   ');
Insert into G6_RNATIONAL.MODELE (NOMODELE,NOMARQUE,NOM,CONTENANCE,UNITE) values ('14','7','TGL                                               ','2000','kg   ');
Insert into G6_RNATIONAL.MODELE (NOMODELE,NOMARQUE,NOM,CONTENANCE,UNITE) values ('15','6','Sprinter                                          ','4000','kg   ');
REM INSERTING into G6_RNATIONAL.SITE
SET DEFINE OFF;
Insert into G6_RNATIONAL.SITE (NOSITE,NOM,DATEIMPLANTATION) values ('1','Nantes                                            ',null);
Insert into G6_RNATIONAL.SITE (NOSITE,NOM,DATEIMPLANTATION) values ('2','Paris                                             ',null);
Insert into G6_RNATIONAL.SITE (NOSITE,NOM,DATEIMPLANTATION) values ('3','Lille                                             ',null);
Insert into G6_RNATIONAL.SITE (NOSITE,NOM,DATEIMPLANTATION) values ('4','Lyon                                              ',null);
Insert into G6_RNATIONAL.SITE (NOSITE,NOM,DATEIMPLANTATION) values ('5','Bordeaux                                          ',null);
REM INSERTING into G6_RNATIONAL.TOURNEE
SET DEFINE OFF;
Insert into G6_RNATIONAL.TOURNEE (NOTOURNEE,NOIMMATRIC,NOEMPLOYE,DATETOURNEE) values ('1','125ABC59  ','1',to_date('10/09/18','DD/MM/RR'));
Insert into G6_RNATIONAL.TOURNEE (NOTOURNEE,NOIMMATRIC,NOEMPLOYE,DATETOURNEE) values ('2','658DEC59  ','2',to_date('10/09/18','DD/MM/RR'));
Insert into G6_RNATIONAL.TOURNEE (NOTOURNEE,NOIMMATRIC,NOEMPLOYE,DATETOURNEE) values ('3','632BRL59  ','3',to_date('10/09/18','DD/MM/RR'));
Insert into G6_RNATIONAL.TOURNEE (NOTOURNEE,NOIMMATRIC,NOEMPLOYE,DATETOURNEE) values ('4','221REN59  ','4',to_date('10/09/18','DD/MM/RR'));
Insert into G6_RNATIONAL.TOURNEE (NOTOURNEE,NOIMMATRIC,NOEMPLOYE,DATETOURNEE) values ('5','102YEK59  ','5',to_date('10/09/18','DD/MM/RR'));
Insert into G6_RNATIONAL.TOURNEE (NOTOURNEE,NOIMMATRIC,NOEMPLOYE,DATETOURNEE) values ('6','688BRF59  ','6',to_date('10/09/18','DD/MM/RR'));
Insert into G6_RNATIONAL.TOURNEE (NOTOURNEE,NOIMMATRIC,NOEMPLOYE,DATETOURNEE) values ('7','652GGF59  ','7',to_date('10/09/18','DD/MM/RR'));
Insert into G6_RNATIONAL.TOURNEE (NOTOURNEE,NOIMMATRIC,NOEMPLOYE,DATETOURNEE) values ('8','156KLA59  ','1',to_date('20/09/18','DD/MM/RR'));
Insert into G6_RNATIONAL.TOURNEE (NOTOURNEE,NOIMMATRIC,NOEMPLOYE,DATETOURNEE) values ('9','652GGF59  ','2',to_date('20/09/18','DD/MM/RR'));
Insert into G6_RNATIONAL.TOURNEE (NOTOURNEE,NOIMMATRIC,NOEMPLOYE,DATETOURNEE) values ('10','688BRF59  ','3',to_date('21/09/18','DD/MM/RR'));
Insert into G6_RNATIONAL.TOURNEE (NOTOURNEE,NOIMMATRIC,NOEMPLOYE,DATETOURNEE) values ('11','632BRL59  ','4',to_date('21/09/18','DD/MM/RR'));
Insert into G6_RNATIONAL.TOURNEE (NOTOURNEE,NOIMMATRIC,NOEMPLOYE,DATETOURNEE) values ('12','125ABC59  ','6',to_date('22/09/18','DD/MM/RR'));
Insert into G6_RNATIONAL.TOURNEE (NOTOURNEE,NOIMMATRIC,NOEMPLOYE,DATETOURNEE) values ('13','632BRL59  ','7',to_date('22/09/18','DD/MM/RR'));
Insert into G6_RNATIONAL.TOURNEE (NOTOURNEE,NOIMMATRIC,NOEMPLOYE,DATETOURNEE) values ('14','102YEK59  ','7',to_date('26/09/18','DD/MM/RR'));
Insert into G6_RNATIONAL.TOURNEE (NOTOURNEE,NOIMMATRIC,NOEMPLOYE,DATETOURNEE) values ('15','688BRF59  ','5',to_date('26/09/18','DD/MM/RR'));
Insert into G6_RNATIONAL.TOURNEE (NOTOURNEE,NOIMMATRIC,NOEMPLOYE,DATETOURNEE) values ('16','652GGF59  ','3',to_date('26/09/18','DD/MM/RR'));
Insert into G6_RNATIONAL.TOURNEE (NOTOURNEE,NOIMMATRIC,NOEMPLOYE,DATETOURNEE) values ('17','125ABC59  ','2',to_date('30/09/18','DD/MM/RR'));
Insert into G6_RNATIONAL.TOURNEE (NOTOURNEE,NOIMMATRIC,NOEMPLOYE,DATETOURNEE) values ('18','658DEC59  ','1',to_date('30/09/18','DD/MM/RR'));
Insert into G6_RNATIONAL.TOURNEE (NOTOURNEE,NOIMMATRIC,NOEMPLOYE,DATETOURNEE) values ('19','632BRL59  ','4',to_date('30/09/18','DD/MM/RR'));
Insert into G6_RNATIONAL.TOURNEE (NOTOURNEE,NOIMMATRIC,NOEMPLOYE,DATETOURNEE) values ('20','221REN59  ','4',to_date('05/10/18','DD/MM/RR'));
Insert into G6_RNATIONAL.TOURNEE (NOTOURNEE,NOIMMATRIC,NOEMPLOYE,DATETOURNEE) values ('21','102YEK59  ','6',to_date('05/10/18','DD/MM/RR'));
Insert into G6_RNATIONAL.TOURNEE (NOTOURNEE,NOIMMATRIC,NOEMPLOYE,DATETOURNEE) values ('22','688BRF59  ','7',to_date('11/10/18','DD/MM/RR'));
Insert into G6_RNATIONAL.TOURNEE (NOTOURNEE,NOIMMATRIC,NOEMPLOYE,DATETOURNEE) values ('23','652GGF59  ','5',to_date('11/10/18','DD/MM/RR'));
Insert into G6_RNATIONAL.TOURNEE (NOTOURNEE,NOIMMATRIC,NOEMPLOYE,DATETOURNEE) values ('24','156KLA59  ','3',to_date('11/10/18','DD/MM/RR'));
Insert into G6_RNATIONAL.TOURNEE (NOTOURNEE,NOIMMATRIC,NOEMPLOYE,DATETOURNEE) values ('25','125ABC59  ','2',to_date('11/10/18','DD/MM/RR'));
Insert into G6_RNATIONAL.TOURNEE (NOTOURNEE,NOIMMATRIC,NOEMPLOYE,DATETOURNEE) values ('26','658DEC59  ','2',to_date('14/10/18','DD/MM/RR'));
Insert into G6_RNATIONAL.TOURNEE (NOTOURNEE,NOIMMATRIC,NOEMPLOYE,DATETOURNEE) values ('27','632BRL59  ','1',to_date('14/10/18','DD/MM/RR'));
Insert into G6_RNATIONAL.TOURNEE (NOTOURNEE,NOIMMATRIC,NOEMPLOYE,DATETOURNEE) values ('28','102YEK59  ','4',to_date('14/10/18','DD/MM/RR'));
Insert into G6_RNATIONAL.TOURNEE (NOTOURNEE,NOIMMATRIC,NOEMPLOYE,DATETOURNEE) values ('29','688BRF59  ','6',to_date('21/10/18','DD/MM/RR'));
Insert into G6_RNATIONAL.TOURNEE (NOTOURNEE,NOIMMATRIC,NOEMPLOYE,DATETOURNEE) values ('30','156KLA59  ','7',to_date('21/10/18','DD/MM/RR'));
Insert into G6_RNATIONAL.TOURNEE (NOTOURNEE,NOIMMATRIC,NOEMPLOYE,DATETOURNEE) values ('31','221REN59  ','3',to_date('21/10/18','DD/MM/RR'));
Insert into G6_RNATIONAL.TOURNEE (NOTOURNEE,NOIMMATRIC,NOEMPLOYE,DATETOURNEE) values ('32','257DEF95  ','2',to_date('03/09/18','DD/MM/RR'));
Insert into G6_RNATIONAL.TOURNEE (NOTOURNEE,NOIMMATRIC,NOEMPLOYE,DATETOURNEE) values ('33','357BAS95  ','3',to_date('03/09/18','DD/MM/RR'));
Insert into G6_RNATIONAL.TOURNEE (NOTOURNEE,NOIMMATRIC,NOEMPLOYE,DATETOURNEE) values ('34','763OPE95  ','4',to_date('03/09/18','DD/MM/RR'));
Insert into G6_RNATIONAL.TOURNEE (NOTOURNEE,NOIMMATRIC,NOEMPLOYE,DATETOURNEE) values ('35','124FAK95  ','5',to_date('03/09/18','DD/MM/RR'));
Insert into G6_RNATIONAL.TOURNEE (NOTOURNEE,NOIMMATRIC,NOEMPLOYE,DATETOURNEE) values ('36','658SQL95  ','6',to_date('03/09/18','DD/MM/RR'));
Insert into G6_RNATIONAL.TOURNEE (NOTOURNEE,NOIMMATRIC,NOEMPLOYE,DATETOURNEE) values ('37','532DFC95  ','7',to_date('03/09/18','DD/MM/RR'));
Insert into G6_RNATIONAL.TOURNEE (NOTOURNEE,NOIMMATRIC,NOEMPLOYE,DATETOURNEE) values ('38','257DEF95  ','1',to_date('20/09/18','DD/MM/RR'));
Insert into G6_RNATIONAL.TOURNEE (NOTOURNEE,NOIMMATRIC,NOEMPLOYE,DATETOURNEE) values ('39','357BAS95  ','2',to_date('20/09/18','DD/MM/RR'));
Insert into G6_RNATIONAL.TOURNEE (NOTOURNEE,NOIMMATRIC,NOEMPLOYE,DATETOURNEE) values ('40','763OPE95  ','3',to_date('20/09/18','DD/MM/RR'));
Insert into G6_RNATIONAL.TOURNEE (NOTOURNEE,NOIMMATRIC,NOEMPLOYE,DATETOURNEE) values ('41','124FAK95  ','4',to_date('20/09/18','DD/MM/RR'));
Insert into G6_RNATIONAL.TOURNEE (NOTOURNEE,NOIMMATRIC,NOEMPLOYE,DATETOURNEE) values ('42','658SQL95  ','6',to_date('21/09/18','DD/MM/RR'));
Insert into G6_RNATIONAL.TOURNEE (NOTOURNEE,NOIMMATRIC,NOEMPLOYE,DATETOURNEE) values ('43','532DFC95  ','7',to_date('21/09/18','DD/MM/RR'));
Insert into G6_RNATIONAL.TOURNEE (NOTOURNEE,NOIMMATRIC,NOEMPLOYE,DATETOURNEE) values ('44','257DEF95  ','7',to_date('27/09/18','DD/MM/RR'));
Insert into G6_RNATIONAL.TOURNEE (NOTOURNEE,NOIMMATRIC,NOEMPLOYE,DATETOURNEE) values ('45','357BAS95  ','5',to_date('27/09/18','DD/MM/RR'));
Insert into G6_RNATIONAL.TOURNEE (NOTOURNEE,NOIMMATRIC,NOEMPLOYE,DATETOURNEE) values ('46','763OPE95  ','3',to_date('27/09/18','DD/MM/RR'));
Insert into G6_RNATIONAL.TOURNEE (NOTOURNEE,NOIMMATRIC,NOEMPLOYE,DATETOURNEE) values ('47','124FAK95  ','2',to_date('30/09/18','DD/MM/RR'));
Insert into G6_RNATIONAL.TOURNEE (NOTOURNEE,NOIMMATRIC,NOEMPLOYE,DATETOURNEE) values ('48','658SQL95  ','1',to_date('30/09/18','DD/MM/RR'));
Insert into G6_RNATIONAL.TOURNEE (NOTOURNEE,NOIMMATRIC,NOEMPLOYE,DATETOURNEE) values ('49','532DFC95  ','4',to_date('30/09/18','DD/MM/RR'));
Insert into G6_RNATIONAL.TOURNEE (NOTOURNEE,NOIMMATRIC,NOEMPLOYE,DATETOURNEE) values ('50','257DEF95  ','4',to_date('04/10/18','DD/MM/RR'));
Insert into G6_RNATIONAL.TOURNEE (NOTOURNEE,NOIMMATRIC,NOEMPLOYE,DATETOURNEE) values ('51','357BAS95  ','6',to_date('04/10/18','DD/MM/RR'));
Insert into G6_RNATIONAL.TOURNEE (NOTOURNEE,NOIMMATRIC,NOEMPLOYE,DATETOURNEE) values ('52','763OPE95  ','7',to_date('10/10/18','DD/MM/RR'));
Insert into G6_RNATIONAL.TOURNEE (NOTOURNEE,NOIMMATRIC,NOEMPLOYE,DATETOURNEE) values ('53','124FAK95  ','5',to_date('10/10/18','DD/MM/RR'));
Insert into G6_RNATIONAL.TOURNEE (NOTOURNEE,NOIMMATRIC,NOEMPLOYE,DATETOURNEE) values ('54','658SQL95  ','3',to_date('10/10/18','DD/MM/RR'));
Insert into G6_RNATIONAL.TOURNEE (NOTOURNEE,NOIMMATRIC,NOEMPLOYE,DATETOURNEE) values ('55','532DFC95  ','2',to_date('10/10/18','DD/MM/RR'));
Insert into G6_RNATIONAL.TOURNEE (NOTOURNEE,NOIMMATRIC,NOEMPLOYE,DATETOURNEE) values ('56','257DEF95  ','2',to_date('15/10/18','DD/MM/RR'));
Insert into G6_RNATIONAL.TOURNEE (NOTOURNEE,NOIMMATRIC,NOEMPLOYE,DATETOURNEE) values ('57','357BAS95  ','1',to_date('15/10/18','DD/MM/RR'));
Insert into G6_RNATIONAL.TOURNEE (NOTOURNEE,NOIMMATRIC,NOEMPLOYE,DATETOURNEE) values ('58','763OPE95  ','4',to_date('15/10/18','DD/MM/RR'));
Insert into G6_RNATIONAL.TOURNEE (NOTOURNEE,NOIMMATRIC,NOEMPLOYE,DATETOURNEE) values ('59','124FAK95  ','6',to_date('20/10/18','DD/MM/RR'));
Insert into G6_RNATIONAL.TOURNEE (NOTOURNEE,NOIMMATRIC,NOEMPLOYE,DATETOURNEE) values ('60','658SQL95  ','7',to_date('20/10/18','DD/MM/RR'));
Insert into G6_RNATIONAL.TOURNEE (NOTOURNEE,NOIMMATRIC,NOEMPLOYE,DATETOURNEE) values ('61','532DFC95  ','3',to_date('20/10/18','DD/MM/RR'));
Insert into G6_RNATIONAL.TOURNEE (NOTOURNEE,NOIMMATRIC,NOEMPLOYE,DATETOURNEE) values ('62','236CKV95  ','1',to_date('03/09/18','DD/MM/RR'));
REM INSERTING into G6_RNATIONAL.TYPEABSENCE
SET DEFINE OFF;
Insert into G6_RNATIONAL.TYPEABSENCE (NOTYPEABSENCE,NOM) values ('1','Cong� pay�                                      ');
Insert into G6_RNATIONAL.TYPEABSENCE (NOTYPEABSENCE,NOM) values ('2','Cong� parental                                   ');
Insert into G6_RNATIONAL.TYPEABSENCE (NOTYPEABSENCE,NOM) values ('3','Arret maladie                                     ');
REM INSERTING into G6_RNATIONAL.TYPEDECHET
SET DEFINE OFF;
Insert into G6_RNATIONAL.TYPEDECHET (NOTYPEDECHET,NOM,NIV_DANGER,UNITE) values ('1','Papier                                            ','0',null);
Insert into G6_RNATIONAL.TYPEDECHET (NOTYPEDECHET,NOM,NIV_DANGER,UNITE) values ('2','Verre                                             ','1',null);
Insert into G6_RNATIONAL.TYPEDECHET (NOTYPEDECHET,NOM,NIV_DANGER,UNITE) values ('3','Plastique                                         ','0',null);
Insert into G6_RNATIONAL.TYPEDECHET (NOTYPEDECHET,NOM,NIV_DANGER,UNITE) values ('4','Luminaires                                        ','1',null);
Insert into G6_RNATIONAL.TYPEDECHET (NOTYPEDECHET,NOM,NIV_DANGER,UNITE) values ('5','Piles                                             ','2',null);
Insert into G6_RNATIONAL.TYPEDECHET (NOTYPEDECHET,NOM,NIV_DANGER,UNITE) values ('6','Encre                                             ','0',null);
Insert into G6_RNATIONAL.TYPEDECHET (NOTYPEDECHET,NOM,NIV_DANGER,UNITE) values ('7','M??tal                                        ','0',null);
Insert into G6_RNATIONAL.TYPEDECHET (NOTYPEDECHET,NOM,NIV_DANGER,UNITE) values ('8','D??chets verts                                ','0',null);
Insert into G6_RNATIONAL.TYPEDECHET (NOTYPEDECHET,NOM,NIV_DANGER,UNITE) values ('9','Gravats                                           ','0',null);
Insert into G6_RNATIONAL.TYPEDECHET (NOTYPEDECHET,NOM,NIV_DANGER,UNITE) values ('10','Appareils ??lectriques                        ','2',null);
Insert into G6_RNATIONAL.TYPEDECHET (NOTYPEDECHET,NOM,NIV_DANGER,UNITE) values ('11','Huile et peinture                                 ','5',null);
Insert into G6_RNATIONAL.TYPEDECHET (NOTYPEDECHET,NOM,NIV_DANGER,UNITE) values ('12','A??rosols                                     ','5',null);
--------------------------------------------------------
--  DDL for Index I_FK_ABSENCE_TYPEABSENCE
--------------------------------------------------------

  CREATE INDEX "G6_RNATIONAL"."I_FK_ABSENCE_TYPEABSENCE" ON "G6_RNATIONAL"."ABSENCE" ("NOTYPEABSENCE") 
  PCTFREE 10 INITRANS 2 MAXTRANS 255 COMPUTE STATISTICS 
  STORAGE(INITIAL 65536 NEXT 1048576 MINEXTENTS 1 MAXEXTENTS 2147483645
  PCTINCREASE 0 FREELISTS 1 FREELIST GROUPS 1
  BUFFER_POOL DEFAULT FLASH_CACHE DEFAULT CELL_FLASH_CACHE DEFAULT)
  TABLESPACE "G6" ;
--------------------------------------------------------
--  DDL for Index I_FK_CAMION_MODELE
--------------------------------------------------------

  CREATE INDEX "G6_RNATIONAL"."I_FK_CAMION_MODELE" ON "G6_RNATIONAL"."CAMION" ("NOMODELE") 
  PCTFREE 10 INITRANS 2 MAXTRANS 255 COMPUTE STATISTICS 
  STORAGE(INITIAL 65536 NEXT 1048576 MINEXTENTS 1 MAXEXTENTS 2147483645
  PCTINCREASE 0 FREELISTS 1 FREELIST GROUPS 1
  BUFFER_POOL DEFAULT FLASH_CACHE DEFAULT CELL_FLASH_CACHE DEFAULT)
  TABLESPACE "G6" ;
--------------------------------------------------------
--  DDL for Index I_FK_DEMANDE_ENTREPRISE
--------------------------------------------------------

  CREATE INDEX "G6_RNATIONAL"."I_FK_DEMANDE_ENTREPRISE" ON "G6_RNATIONAL"."DEMANDE" ("SIRET") 
  PCTFREE 10 INITRANS 2 MAXTRANS 255 COMPUTE STATISTICS 
  STORAGE(INITIAL 65536 NEXT 1048576 MINEXTENTS 1 MAXEXTENTS 2147483645
  PCTINCREASE 0 FREELISTS 1 FREELIST GROUPS 1
  BUFFER_POOL DEFAULT FLASH_CACHE DEFAULT CELL_FLASH_CACHE DEFAULT)
  TABLESPACE "G6" ;
--------------------------------------------------------
--  DDL for Index I_FK_DEMANDE_SITE
--------------------------------------------------------

  CREATE INDEX "G6_RNATIONAL"."I_FK_DEMANDE_SITE" ON "G6_RNATIONAL"."DEMANDE" ("NOSITE") 
  PCTFREE 10 INITRANS 2 MAXTRANS 255 COMPUTE STATISTICS 
  STORAGE(INITIAL 65536 NEXT 1048576 MINEXTENTS 1 MAXEXTENTS 2147483645
  PCTINCREASE 0 FREELISTS 1 FREELIST GROUPS 1
  BUFFER_POOL DEFAULT FLASH_CACHE DEFAULT CELL_FLASH_CACHE DEFAULT)
  TABLESPACE "G6" ;
--------------------------------------------------------
--  DDL for Index I_FK_DETAILDEMANDE_DEMANDE
--------------------------------------------------------

  CREATE INDEX "G6_RNATIONAL"."I_FK_DETAILDEMANDE_DEMANDE" ON "G6_RNATIONAL"."DETAILDEMANDE" ("NODEMANDE") 
  PCTFREE 10 INITRANS 2 MAXTRANS 255 COMPUTE STATISTICS 
  STORAGE(INITIAL 65536 NEXT 1048576 MINEXTENTS 1 MAXEXTENTS 2147483645
  PCTINCREASE 0 FREELISTS 1 FREELIST GROUPS 1
  BUFFER_POOL DEFAULT FLASH_CACHE DEFAULT CELL_FLASH_CACHE DEFAULT)
  TABLESPACE "G6" ;
--------------------------------------------------------
--  DDL for Index I_FK_DETAILDEMANDE_TYPEDECHET
--------------------------------------------------------

  CREATE INDEX "G6_RNATIONAL"."I_FK_DETAILDEMANDE_TYPEDECHET" ON "G6_RNATIONAL"."DETAILDEMANDE" ("NOTYPEDECHET") 
  PCTFREE 10 INITRANS 2 MAXTRANS 255 COMPUTE STATISTICS 
  STORAGE(INITIAL 65536 NEXT 1048576 MINEXTENTS 1 MAXEXTENTS 2147483645
  PCTINCREASE 0 FREELISTS 1 FREELIST GROUPS 1
  BUFFER_POOL DEFAULT FLASH_CACHE DEFAULT CELL_FLASH_CACHE DEFAULT)
  TABLESPACE "G6" ;
--------------------------------------------------------
--  DDL for Index I_FK_DETAILDEPOT_CENTRETRAITEM
--------------------------------------------------------

  CREATE INDEX "G6_RNATIONAL"."I_FK_DETAILDEPOT_CENTRETRAITEM" ON "G6_RNATIONAL"."DETAILDEPOT" ("NOCENTRE") 
  PCTFREE 10 INITRANS 2 MAXTRANS 255 COMPUTE STATISTICS 
  STORAGE(INITIAL 65536 NEXT 1048576 MINEXTENTS 1 MAXEXTENTS 2147483645
  PCTINCREASE 0 FREELISTS 1 FREELIST GROUPS 1
  BUFFER_POOL DEFAULT FLASH_CACHE DEFAULT CELL_FLASH_CACHE DEFAULT)
  TABLESPACE "G6" ;
--------------------------------------------------------
--  DDL for Index I_FK_DETAILDEPOT_TOURNEE
--------------------------------------------------------

  CREATE INDEX "G6_RNATIONAL"."I_FK_DETAILDEPOT_TOURNEE" ON "G6_RNATIONAL"."DETAILDEPOT" ("NOTOURNEE") 
  PCTFREE 10 INITRANS 2 MAXTRANS 255 COMPUTE STATISTICS 
  STORAGE(INITIAL 65536 NEXT 1048576 MINEXTENTS 1 MAXEXTENTS 2147483645
  PCTINCREASE 0 FREELISTS 1 FREELIST GROUPS 1
  BUFFER_POOL DEFAULT FLASH_CACHE DEFAULT CELL_FLASH_CACHE DEFAULT)
  TABLESPACE "G6" ;
--------------------------------------------------------
--  DDL for Index I_FK_DETAILDEPOT_TYPEDECHET
--------------------------------------------------------

  CREATE INDEX "G6_RNATIONAL"."I_FK_DETAILDEPOT_TYPEDECHET" ON "G6_RNATIONAL"."DETAILDEPOT" ("NOTYPEDECHET") 
  PCTFREE 10 INITRANS 2 MAXTRANS 255 COMPUTE STATISTICS 
  STORAGE(INITIAL 65536 NEXT 1048576 MINEXTENTS 1 MAXEXTENTS 2147483645
  PCTINCREASE 0 FREELISTS 1 FREELIST GROUPS 1
  BUFFER_POOL DEFAULT FLASH_CACHE DEFAULT CELL_FLASH_CACHE DEFAULT)
  TABLESPACE "G6" ;
--------------------------------------------------------
--  DDL for Index I_FK_EMPLOYE_FONCTION
--------------------------------------------------------

  CREATE INDEX "G6_RNATIONAL"."I_FK_EMPLOYE_FONCTION" ON "G6_RNATIONAL"."EMPLOYE" ("NOFONCTION") 
  PCTFREE 10 INITRANS 2 MAXTRANS 255 COMPUTE STATISTICS 
  STORAGE(INITIAL 65536 NEXT 1048576 MINEXTENTS 1 MAXEXTENTS 2147483645
  PCTINCREASE 0 FREELISTS 1 FREELIST GROUPS 1
  BUFFER_POOL DEFAULT FLASH_CACHE DEFAULT CELL_FLASH_CACHE DEFAULT)
  TABLESPACE "G6" ;
--------------------------------------------------------
--  DDL for Index I_FK_EMPLOYE_SITE
--------------------------------------------------------

  CREATE INDEX "G6_RNATIONAL"."I_FK_EMPLOYE_SITE" ON "G6_RNATIONAL"."EMPLOYE" ("NOSITE") 
  PCTFREE 10 INITRANS 2 MAXTRANS 255 COMPUTE STATISTICS 
  STORAGE(INITIAL 65536 NEXT 1048576 MINEXTENTS 1 MAXEXTENTS 2147483645
  PCTINCREASE 0 FREELISTS 1 FREELIST GROUPS 1
  BUFFER_POOL DEFAULT FLASH_CACHE DEFAULT CELL_FLASH_CACHE DEFAULT)
  TABLESPACE "G6" ;
--------------------------------------------------------
--  DDL for Index I_FK_MODELE_MARQUE
--------------------------------------------------------

  CREATE INDEX "G6_RNATIONAL"."I_FK_MODELE_MARQUE" ON "G6_RNATIONAL"."MODELE" ("NOMARQUE") 
  PCTFREE 10 INITRANS 2 MAXTRANS 255 COMPUTE STATISTICS 
  STORAGE(INITIAL 65536 NEXT 1048576 MINEXTENTS 1 MAXEXTENTS 2147483645
  PCTINCREASE 0 FREELISTS 1 FREELIST GROUPS 1
  BUFFER_POOL DEFAULT FLASH_CACHE DEFAULT CELL_FLASH_CACHE DEFAULT)
  TABLESPACE "G6" ;
--------------------------------------------------------
--  DDL for Index I_FK_TOURNEE_CAMION
--------------------------------------------------------

  CREATE INDEX "G6_RNATIONAL"."I_FK_TOURNEE_CAMION" ON "G6_RNATIONAL"."TOURNEE" ("NOIMMATRIC") 
  PCTFREE 10 INITRANS 2 MAXTRANS 255 COMPUTE STATISTICS 
  STORAGE(INITIAL 65536 NEXT 1048576 MINEXTENTS 1 MAXEXTENTS 2147483645
  PCTINCREASE 0 FREELISTS 1 FREELIST GROUPS 1
  BUFFER_POOL DEFAULT FLASH_CACHE DEFAULT CELL_FLASH_CACHE DEFAULT)
  TABLESPACE "G6" ;
--------------------------------------------------------
--  DDL for Index I_FK_TOURNEE_EMPLOYE
--------------------------------------------------------

  CREATE INDEX "G6_RNATIONAL"."I_FK_TOURNEE_EMPLOYE" ON "G6_RNATIONAL"."TOURNEE" ("NOEMPLOYE") 
  PCTFREE 10 INITRANS 2 MAXTRANS 255 COMPUTE STATISTICS 
  STORAGE(INITIAL 65536 NEXT 1048576 MINEXTENTS 1 MAXEXTENTS 2147483645
  PCTINCREASE 0 FREELISTS 1 FREELIST GROUPS 1
  BUFFER_POOL DEFAULT FLASH_CACHE DEFAULT CELL_FLASH_CACHE DEFAULT)
  TABLESPACE "G6" ;
--------------------------------------------------------
--  DDL for Index PK_ABSENCE
--------------------------------------------------------

  CREATE UNIQUE INDEX "G6_RNATIONAL"."PK_ABSENCE" ON "G6_RNATIONAL"."ABSENCE" ("NOABSENCE") 
  PCTFREE 10 INITRANS 2 MAXTRANS 255 
  STORAGE(INITIAL 65536 NEXT 1048576 MINEXTENTS 1 MAXEXTENTS 2147483645
  PCTINCREASE 0 FREELISTS 1 FREELIST GROUPS 1
  BUFFER_POOL DEFAULT FLASH_CACHE DEFAULT CELL_FLASH_CACHE DEFAULT)
  TABLESPACE "G6" ;
--------------------------------------------------------
--  DDL for Index PK_CAMION
--------------------------------------------------------

  CREATE UNIQUE INDEX "G6_RNATIONAL"."PK_CAMION" ON "G6_RNATIONAL"."CAMION" ("NOIMMATRIC") 
  PCTFREE 10 INITRANS 2 MAXTRANS 255 
  STORAGE(INITIAL 65536 NEXT 1048576 MINEXTENTS 1 MAXEXTENTS 2147483645
  PCTINCREASE 0 FREELISTS 1 FREELIST GROUPS 1
  BUFFER_POOL DEFAULT FLASH_CACHE DEFAULT CELL_FLASH_CACHE DEFAULT)
  TABLESPACE "G6" ;
--------------------------------------------------------
--  DDL for Index PK_CENTRETRAITEMENT
--------------------------------------------------------

  CREATE UNIQUE INDEX "G6_RNATIONAL"."PK_CENTRETRAITEMENT" ON "G6_RNATIONAL"."CENTRETRAITEMENT" ("NOCENTRE") 
  PCTFREE 10 INITRANS 2 MAXTRANS 255 
  STORAGE(INITIAL 65536 NEXT 1048576 MINEXTENTS 1 MAXEXTENTS 2147483645
  PCTINCREASE 0 FREELISTS 1 FREELIST GROUPS 1
  BUFFER_POOL DEFAULT FLASH_CACHE DEFAULT CELL_FLASH_CACHE DEFAULT)
  TABLESPACE "G6" ;
--------------------------------------------------------
--  DDL for Index PK_DEMANDE
--------------------------------------------------------

  CREATE UNIQUE INDEX "G6_RNATIONAL"."PK_DEMANDE" ON "G6_RNATIONAL"."DEMANDE" ("NODEMANDE") 
  PCTFREE 10 INITRANS 2 MAXTRANS 255 
  STORAGE(INITIAL 65536 NEXT 1048576 MINEXTENTS 1 MAXEXTENTS 2147483645
  PCTINCREASE 0 FREELISTS 1 FREELIST GROUPS 1
  BUFFER_POOL DEFAULT FLASH_CACHE DEFAULT CELL_FLASH_CACHE DEFAULT)
  TABLESPACE "G6" ;
--------------------------------------------------------
--  DDL for Index PK_DETAILDEMANDE
--------------------------------------------------------

  CREATE UNIQUE INDEX "G6_RNATIONAL"."PK_DETAILDEMANDE" ON "G6_RNATIONAL"."DETAILDEMANDE" ("NODEMANDE", "NOTYPEDECHET") 
  PCTFREE 10 INITRANS 2 MAXTRANS 255 
  STORAGE(INITIAL 65536 NEXT 1048576 MINEXTENTS 1 MAXEXTENTS 2147483645
  PCTINCREASE 0 FREELISTS 1 FREELIST GROUPS 1
  BUFFER_POOL DEFAULT FLASH_CACHE DEFAULT CELL_FLASH_CACHE DEFAULT)
  TABLESPACE "G6" ;
--------------------------------------------------------
--  DDL for Index PK_DETAILDEPOT
--------------------------------------------------------

  CREATE UNIQUE INDEX "G6_RNATIONAL"."PK_DETAILDEPOT" ON "G6_RNATIONAL"."DETAILDEPOT" ("NOTOURNEE", "NOTYPEDECHET", "NOCENTRE") 
  PCTFREE 10 INITRANS 2 MAXTRANS 255 
  STORAGE(INITIAL 65536 NEXT 1048576 MINEXTENTS 1 MAXEXTENTS 2147483645
  PCTINCREASE 0 FREELISTS 1 FREELIST GROUPS 1
  BUFFER_POOL DEFAULT FLASH_CACHE DEFAULT CELL_FLASH_CACHE DEFAULT)
  TABLESPACE "G6" ;
--------------------------------------------------------
--  DDL for Index PK_EMPLOYE
--------------------------------------------------------

  CREATE UNIQUE INDEX "G6_RNATIONAL"."PK_EMPLOYE" ON "G6_RNATIONAL"."EMPLOYE" ("NOEMPLOYE") 
  PCTFREE 10 INITRANS 2 MAXTRANS 255 
  STORAGE(INITIAL 65536 NEXT 1048576 MINEXTENTS 1 MAXEXTENTS 2147483645
  PCTINCREASE 0 FREELISTS 1 FREELIST GROUPS 1
  BUFFER_POOL DEFAULT FLASH_CACHE DEFAULT CELL_FLASH_CACHE DEFAULT)
  TABLESPACE "G6" ;
--------------------------------------------------------
--  DDL for Index PK_ENTREPRISE
--------------------------------------------------------

  CREATE UNIQUE INDEX "G6_RNATIONAL"."PK_ENTREPRISE" ON "G6_RNATIONAL"."ENTREPRISE" ("SIRET") 
  PCTFREE 10 INITRANS 2 MAXTRANS 255 
  STORAGE(INITIAL 65536 NEXT 1048576 MINEXTENTS 1 MAXEXTENTS 2147483645
  PCTINCREASE 0 FREELISTS 1 FREELIST GROUPS 1
  BUFFER_POOL DEFAULT FLASH_CACHE DEFAULT CELL_FLASH_CACHE DEFAULT)
  TABLESPACE "G6" ;
--------------------------------------------------------
--  DDL for Index PK_FONCTION
--------------------------------------------------------

  CREATE UNIQUE INDEX "G6_RNATIONAL"."PK_FONCTION" ON "G6_RNATIONAL"."FONCTION" ("NOFONCTION") 
  PCTFREE 10 INITRANS 2 MAXTRANS 255 
  STORAGE(INITIAL 65536 NEXT 1048576 MINEXTENTS 1 MAXEXTENTS 2147483645
  PCTINCREASE 0 FREELISTS 1 FREELIST GROUPS 1
  BUFFER_POOL DEFAULT FLASH_CACHE DEFAULT CELL_FLASH_CACHE DEFAULT)
  TABLESPACE "G6" ;
--------------------------------------------------------
--  DDL for Index PK_MARQUE
--------------------------------------------------------

  CREATE UNIQUE INDEX "G6_RNATIONAL"."PK_MARQUE" ON "G6_RNATIONAL"."MARQUE" ("NOMARQUE") 
  PCTFREE 10 INITRANS 2 MAXTRANS 255 
  STORAGE(INITIAL 65536 NEXT 1048576 MINEXTENTS 1 MAXEXTENTS 2147483645
  PCTINCREASE 0 FREELISTS 1 FREELIST GROUPS 1
  BUFFER_POOL DEFAULT FLASH_CACHE DEFAULT CELL_FLASH_CACHE DEFAULT)
  TABLESPACE "G6" ;
--------------------------------------------------------
--  DDL for Index PK_MODELE
--------------------------------------------------------

  CREATE UNIQUE INDEX "G6_RNATIONAL"."PK_MODELE" ON "G6_RNATIONAL"."MODELE" ("NOMODELE") 
  PCTFREE 10 INITRANS 2 MAXTRANS 255 
  STORAGE(INITIAL 65536 NEXT 1048576 MINEXTENTS 1 MAXEXTENTS 2147483645
  PCTINCREASE 0 FREELISTS 1 FREELIST GROUPS 1
  BUFFER_POOL DEFAULT FLASH_CACHE DEFAULT CELL_FLASH_CACHE DEFAULT)
  TABLESPACE "G6" ;
--------------------------------------------------------
--  DDL for Index PK_SITE
--------------------------------------------------------

  CREATE UNIQUE INDEX "G6_RNATIONAL"."PK_SITE" ON "G6_RNATIONAL"."SITE" ("NOSITE") 
  PCTFREE 10 INITRANS 2 MAXTRANS 255 
  STORAGE(INITIAL 65536 NEXT 1048576 MINEXTENTS 1 MAXEXTENTS 2147483645
  PCTINCREASE 0 FREELISTS 1 FREELIST GROUPS 1
  BUFFER_POOL DEFAULT FLASH_CACHE DEFAULT CELL_FLASH_CACHE DEFAULT)
  TABLESPACE "G6" ;
--------------------------------------------------------
--  DDL for Index PK_TOURNEE
--------------------------------------------------------

  CREATE UNIQUE INDEX "G6_RNATIONAL"."PK_TOURNEE" ON "G6_RNATIONAL"."TOURNEE" ("NOTOURNEE") 
  PCTFREE 10 INITRANS 2 MAXTRANS 255 
  STORAGE(INITIAL 65536 NEXT 1048576 MINEXTENTS 1 MAXEXTENTS 2147483645
  PCTINCREASE 0 FREELISTS 1 FREELIST GROUPS 1
  BUFFER_POOL DEFAULT FLASH_CACHE DEFAULT CELL_FLASH_CACHE DEFAULT)
  TABLESPACE "G6" ;
--------------------------------------------------------
--  DDL for Index PK_TYPEABSENCE
--------------------------------------------------------

  CREATE UNIQUE INDEX "G6_RNATIONAL"."PK_TYPEABSENCE" ON "G6_RNATIONAL"."TYPEABSENCE" ("NOTYPEABSENCE") 
  PCTFREE 10 INITRANS 2 MAXTRANS 255 
  STORAGE(INITIAL 65536 NEXT 1048576 MINEXTENTS 1 MAXEXTENTS 2147483645
  PCTINCREASE 0 FREELISTS 1 FREELIST GROUPS 1
  BUFFER_POOL DEFAULT FLASH_CACHE DEFAULT CELL_FLASH_CACHE DEFAULT)
  TABLESPACE "G6" ;
--------------------------------------------------------
--  DDL for Index PK_TYPEDECHET
--------------------------------------------------------

  CREATE UNIQUE INDEX "G6_RNATIONAL"."PK_TYPEDECHET" ON "G6_RNATIONAL"."TYPEDECHET" ("NOTYPEDECHET") 
  PCTFREE 10 INITRANS 2 MAXTRANS 255 
  STORAGE(INITIAL 65536 NEXT 1048576 MINEXTENTS 1 MAXEXTENTS 2147483645
  PCTINCREASE 0 FREELISTS 1 FREELIST GROUPS 1
  BUFFER_POOL DEFAULT FLASH_CACHE DEFAULT CELL_FLASH_CACHE DEFAULT)
  TABLESPACE "G6" ;
--------------------------------------------------------
--  Constraints for Table ABSENCE
--------------------------------------------------------

  ALTER TABLE "G6_RNATIONAL"."ABSENCE" MODIFY ("NOABSENCE" NOT NULL ENABLE);
  ALTER TABLE "G6_RNATIONAL"."ABSENCE" MODIFY ("NOTYPEABSENCE" NOT NULL ENABLE);
  ALTER TABLE "G6_RNATIONAL"."ABSENCE" ADD CONSTRAINT "PK_ABSENCE" PRIMARY KEY ("NOABSENCE")
  USING INDEX PCTFREE 10 INITRANS 2 MAXTRANS 255 
  STORAGE(INITIAL 65536 NEXT 1048576 MINEXTENTS 1 MAXEXTENTS 2147483645
  PCTINCREASE 0 FREELISTS 1 FREELIST GROUPS 1
  BUFFER_POOL DEFAULT FLASH_CACHE DEFAULT CELL_FLASH_CACHE DEFAULT)
  TABLESPACE "G6"  ENABLE;
--------------------------------------------------------
--  Constraints for Table CAMION
--------------------------------------------------------

  ALTER TABLE "G6_RNATIONAL"."CAMION" MODIFY ("NOIMMATRIC" NOT NULL ENABLE);
  ALTER TABLE "G6_RNATIONAL"."CAMION" MODIFY ("NOMODELE" NOT NULL ENABLE);
  ALTER TABLE "G6_RNATIONAL"."CAMION" ADD CONSTRAINT "PK_CAMION" PRIMARY KEY ("NOIMMATRIC")
  USING INDEX PCTFREE 10 INITRANS 2 MAXTRANS 255 
  STORAGE(INITIAL 65536 NEXT 1048576 MINEXTENTS 1 MAXEXTENTS 2147483645
  PCTINCREASE 0 FREELISTS 1 FREELIST GROUPS 1
  BUFFER_POOL DEFAULT FLASH_CACHE DEFAULT CELL_FLASH_CACHE DEFAULT)
  TABLESPACE "G6"  ENABLE;
--------------------------------------------------------
--  Constraints for Table CENTRETRAITEMENT
--------------------------------------------------------

  ALTER TABLE "G6_RNATIONAL"."CENTRETRAITEMENT" MODIFY ("NOCENTRE" NOT NULL ENABLE);
  ALTER TABLE "G6_RNATIONAL"."CENTRETRAITEMENT" ADD CONSTRAINT "PK_CENTRETRAITEMENT" PRIMARY KEY ("NOCENTRE")
  USING INDEX PCTFREE 10 INITRANS 2 MAXTRANS 255 
  STORAGE(INITIAL 65536 NEXT 1048576 MINEXTENTS 1 MAXEXTENTS 2147483645
  PCTINCREASE 0 FREELISTS 1 FREELIST GROUPS 1
  BUFFER_POOL DEFAULT FLASH_CACHE DEFAULT CELL_FLASH_CACHE DEFAULT)
  TABLESPACE "G6"  ENABLE;
--------------------------------------------------------
--  Constraints for Table DEMANDE
--------------------------------------------------------

  ALTER TABLE "G6_RNATIONAL"."DEMANDE" MODIFY ("NODEMANDE" NOT NULL ENABLE);
  ALTER TABLE "G6_RNATIONAL"."DEMANDE" MODIFY ("NOSITE" NOT NULL ENABLE);
  ALTER TABLE "G6_RNATIONAL"."DEMANDE" MODIFY ("SIRET" NOT NULL ENABLE);
  ALTER TABLE "G6_RNATIONAL"."DEMANDE" ADD CONSTRAINT "PK_DEMANDE" PRIMARY KEY ("NODEMANDE")
  USING INDEX PCTFREE 10 INITRANS 2 MAXTRANS 255 
  STORAGE(INITIAL 65536 NEXT 1048576 MINEXTENTS 1 MAXEXTENTS 2147483645
  PCTINCREASE 0 FREELISTS 1 FREELIST GROUPS 1
  BUFFER_POOL DEFAULT FLASH_CACHE DEFAULT CELL_FLASH_CACHE DEFAULT)
  TABLESPACE "G6"  ENABLE;
--------------------------------------------------------
--  Constraints for Table DETAILDEMANDE
--------------------------------------------------------

  ALTER TABLE "G6_RNATIONAL"."DETAILDEMANDE" MODIFY ("NODEMANDE" NOT NULL ENABLE);
  ALTER TABLE "G6_RNATIONAL"."DETAILDEMANDE" MODIFY ("NOTYPEDECHET" NOT NULL ENABLE);
  ALTER TABLE "G6_RNATIONAL"."DETAILDEMANDE" MODIFY ("QUANTITE" NOT NULL ENABLE);
  ALTER TABLE "G6_RNATIONAL"."DETAILDEMANDE" ADD CONSTRAINT "PK_DETAILDEMANDE" PRIMARY KEY ("NODEMANDE", "NOTYPEDECHET")
  USING INDEX PCTFREE 10 INITRANS 2 MAXTRANS 255 
  STORAGE(INITIAL 65536 NEXT 1048576 MINEXTENTS 1 MAXEXTENTS 2147483645
  PCTINCREASE 0 FREELISTS 1 FREELIST GROUPS 1
  BUFFER_POOL DEFAULT FLASH_CACHE DEFAULT CELL_FLASH_CACHE DEFAULT)
  TABLESPACE "G6"  ENABLE;
--------------------------------------------------------
--  Constraints for Table DETAILDEPOT
--------------------------------------------------------

  ALTER TABLE "G6_RNATIONAL"."DETAILDEPOT" MODIFY ("NOTOURNEE" NOT NULL ENABLE);
  ALTER TABLE "G6_RNATIONAL"."DETAILDEPOT" MODIFY ("NOTYPEDECHET" NOT NULL ENABLE);
  ALTER TABLE "G6_RNATIONAL"."DETAILDEPOT" MODIFY ("NOCENTRE" NOT NULL ENABLE);
  ALTER TABLE "G6_RNATIONAL"."DETAILDEPOT" ADD CONSTRAINT "PK_DETAILDEPOT" PRIMARY KEY ("NOTOURNEE", "NOTYPEDECHET", "NOCENTRE")
  USING INDEX PCTFREE 10 INITRANS 2 MAXTRANS 255 
  STORAGE(INITIAL 65536 NEXT 1048576 MINEXTENTS 1 MAXEXTENTS 2147483645
  PCTINCREASE 0 FREELISTS 1 FREELIST GROUPS 1
  BUFFER_POOL DEFAULT FLASH_CACHE DEFAULT CELL_FLASH_CACHE DEFAULT)
  TABLESPACE "G6"  ENABLE;
--------------------------------------------------------
--  Constraints for Table EMPLOYE
--------------------------------------------------------

  ALTER TABLE "G6_RNATIONAL"."EMPLOYE" MODIFY ("NOEMPLOYE" NOT NULL ENABLE);
  ALTER TABLE "G6_RNATIONAL"."EMPLOYE" MODIFY ("NOFONCTION" NOT NULL ENABLE);
  ALTER TABLE "G6_RNATIONAL"."EMPLOYE" MODIFY ("NOSITE" NOT NULL ENABLE);
  ALTER TABLE "G6_RNATIONAL"."EMPLOYE" ADD CONSTRAINT "PK_EMPLOYE" PRIMARY KEY ("NOEMPLOYE")
  USING INDEX PCTFREE 10 INITRANS 2 MAXTRANS 255 
  STORAGE(INITIAL 65536 NEXT 1048576 MINEXTENTS 1 MAXEXTENTS 2147483645
  PCTINCREASE 0 FREELISTS 1 FREELIST GROUPS 1
  BUFFER_POOL DEFAULT FLASH_CACHE DEFAULT CELL_FLASH_CACHE DEFAULT)
  TABLESPACE "G6"  ENABLE;
--------------------------------------------------------
--  Constraints for Table ENTREPRISE
--------------------------------------------------------

  ALTER TABLE "G6_RNATIONAL"."ENTREPRISE" MODIFY ("SIRET" NOT NULL ENABLE);
  ALTER TABLE "G6_RNATIONAL"."ENTREPRISE" MODIFY ("RAISONSOCIALE" NOT NULL ENABLE);
  ALTER TABLE "G6_RNATIONAL"."ENTREPRISE" ADD CONSTRAINT "PK_ENTREPRISE" PRIMARY KEY ("SIRET")
  USING INDEX PCTFREE 10 INITRANS 2 MAXTRANS 255 
  STORAGE(INITIAL 65536 NEXT 1048576 MINEXTENTS 1 MAXEXTENTS 2147483645
  PCTINCREASE 0 FREELISTS 1 FREELIST GROUPS 1
  BUFFER_POOL DEFAULT FLASH_CACHE DEFAULT CELL_FLASH_CACHE DEFAULT)
  TABLESPACE "G6"  ENABLE;
--------------------------------------------------------
--  Constraints for Table FONCTION
--------------------------------------------------------

  ALTER TABLE "G6_RNATIONAL"."FONCTION" MODIFY ("NOFONCTION" NOT NULL ENABLE);
  ALTER TABLE "G6_RNATIONAL"."FONCTION" MODIFY ("NOM" NOT NULL ENABLE);
  ALTER TABLE "G6_RNATIONAL"."FONCTION" ADD CONSTRAINT "PK_FONCTION" PRIMARY KEY ("NOFONCTION")
  USING INDEX PCTFREE 10 INITRANS 2 MAXTRANS 255 
  STORAGE(INITIAL 65536 NEXT 1048576 MINEXTENTS 1 MAXEXTENTS 2147483645
  PCTINCREASE 0 FREELISTS 1 FREELIST GROUPS 1
  BUFFER_POOL DEFAULT FLASH_CACHE DEFAULT CELL_FLASH_CACHE DEFAULT)
  TABLESPACE "G6"  ENABLE;
--------------------------------------------------------
--  Constraints for Table MARQUE
--------------------------------------------------------

  ALTER TABLE "G6_RNATIONAL"."MARQUE" MODIFY ("NOMARQUE" NOT NULL ENABLE);
  ALTER TABLE "G6_RNATIONAL"."MARQUE" ADD CONSTRAINT "PK_MARQUE" PRIMARY KEY ("NOMARQUE")
  USING INDEX PCTFREE 10 INITRANS 2 MAXTRANS 255 
  STORAGE(INITIAL 65536 NEXT 1048576 MINEXTENTS 1 MAXEXTENTS 2147483645
  PCTINCREASE 0 FREELISTS 1 FREELIST GROUPS 1
  BUFFER_POOL DEFAULT FLASH_CACHE DEFAULT CELL_FLASH_CACHE DEFAULT)
  TABLESPACE "G6"  ENABLE;
--------------------------------------------------------
--  Constraints for Table MODELE
--------------------------------------------------------

  ALTER TABLE "G6_RNATIONAL"."MODELE" MODIFY ("NOMODELE" NOT NULL ENABLE);
  ALTER TABLE "G6_RNATIONAL"."MODELE" MODIFY ("NOMARQUE" NOT NULL ENABLE);
  ALTER TABLE "G6_RNATIONAL"."MODELE" ADD CONSTRAINT "PK_MODELE" PRIMARY KEY ("NOMODELE")
  USING INDEX PCTFREE 10 INITRANS 2 MAXTRANS 255 
  STORAGE(INITIAL 65536 NEXT 1048576 MINEXTENTS 1 MAXEXTENTS 2147483645
  PCTINCREASE 0 FREELISTS 1 FREELIST GROUPS 1
  BUFFER_POOL DEFAULT FLASH_CACHE DEFAULT CELL_FLASH_CACHE DEFAULT)
  TABLESPACE "G6"  ENABLE;
--------------------------------------------------------
--  Constraints for Table SITE
--------------------------------------------------------

  ALTER TABLE "G6_RNATIONAL"."SITE" MODIFY ("NOSITE" NOT NULL ENABLE);
  ALTER TABLE "G6_RNATIONAL"."SITE" ADD CONSTRAINT "PK_SITE" PRIMARY KEY ("NOSITE")
  USING INDEX PCTFREE 10 INITRANS 2 MAXTRANS 255 
  STORAGE(INITIAL 65536 NEXT 1048576 MINEXTENTS 1 MAXEXTENTS 2147483645
  PCTINCREASE 0 FREELISTS 1 FREELIST GROUPS 1
  BUFFER_POOL DEFAULT FLASH_CACHE DEFAULT CELL_FLASH_CACHE DEFAULT)
  TABLESPACE "G6"  ENABLE;
--------------------------------------------------------
--  Constraints for Table TOURNEE
--------------------------------------------------------

  ALTER TABLE "G6_RNATIONAL"."TOURNEE" MODIFY ("NOTOURNEE" NOT NULL ENABLE);
  ALTER TABLE "G6_RNATIONAL"."TOURNEE" MODIFY ("NOIMMATRIC" NOT NULL ENABLE);
  ALTER TABLE "G6_RNATIONAL"."TOURNEE" MODIFY ("NOEMPLOYE" NOT NULL ENABLE);
  ALTER TABLE "G6_RNATIONAL"."TOURNEE" ADD CONSTRAINT "PK_TOURNEE" PRIMARY KEY ("NOTOURNEE")
  USING INDEX PCTFREE 10 INITRANS 2 MAXTRANS 255 
  STORAGE(INITIAL 65536 NEXT 1048576 MINEXTENTS 1 MAXEXTENTS 2147483645
  PCTINCREASE 0 FREELISTS 1 FREELIST GROUPS 1
  BUFFER_POOL DEFAULT FLASH_CACHE DEFAULT CELL_FLASH_CACHE DEFAULT)
  TABLESPACE "G6"  ENABLE;
--------------------------------------------------------
--  Constraints for Table TYPEABSENCE
--------------------------------------------------------

  ALTER TABLE "G6_RNATIONAL"."TYPEABSENCE" MODIFY ("NOTYPEABSENCE" NOT NULL ENABLE);
  ALTER TABLE "G6_RNATIONAL"."TYPEABSENCE" ADD CONSTRAINT "PK_TYPEABSENCE" PRIMARY KEY ("NOTYPEABSENCE")
  USING INDEX PCTFREE 10 INITRANS 2 MAXTRANS 255 
  STORAGE(INITIAL 65536 NEXT 1048576 MINEXTENTS 1 MAXEXTENTS 2147483645
  PCTINCREASE 0 FREELISTS 1 FREELIST GROUPS 1
  BUFFER_POOL DEFAULT FLASH_CACHE DEFAULT CELL_FLASH_CACHE DEFAULT)
  TABLESPACE "G6"  ENABLE;
--------------------------------------------------------
--  Constraints for Table TYPEDECHET
--------------------------------------------------------

  ALTER TABLE "G6_RNATIONAL"."TYPEDECHET" MODIFY ("NOTYPEDECHET" NOT NULL ENABLE);
  ALTER TABLE "G6_RNATIONAL"."TYPEDECHET" ADD CONSTRAINT "PK_TYPEDECHET" PRIMARY KEY ("NOTYPEDECHET")
  USING INDEX PCTFREE 10 INITRANS 2 MAXTRANS 255 
  STORAGE(INITIAL 65536 NEXT 1048576 MINEXTENTS 1 MAXEXTENTS 2147483645
  PCTINCREASE 0 FREELISTS 1 FREELIST GROUPS 1
  BUFFER_POOL DEFAULT FLASH_CACHE DEFAULT CELL_FLASH_CACHE DEFAULT)
  TABLESPACE "G6"  ENABLE;
--------------------------------------------------------
--  Ref Constraints for Table ABSENCE
--------------------------------------------------------

  ALTER TABLE "G6_RNATIONAL"."ABSENCE" ADD CONSTRAINT "FK_ABSENCE_EMPLOYE" FOREIGN KEY ("NOEMPLOYE")
	  REFERENCES "G6_RNATIONAL"."EMPLOYE" ("NOEMPLOYE") ENABLE;
  ALTER TABLE "G6_RNATIONAL"."ABSENCE" ADD CONSTRAINT "FK_ABSENCE_TYPEABSENCE" FOREIGN KEY ("NOTYPEABSENCE")
	  REFERENCES "G6_RNATIONAL"."TYPEABSENCE" ("NOTYPEABSENCE") ENABLE;
--------------------------------------------------------
--  Ref Constraints for Table CAMION
--------------------------------------------------------

  ALTER TABLE "G6_RNATIONAL"."CAMION" ADD CONSTRAINT "FK_CAMION_MODELE" FOREIGN KEY ("NOMODELE")
	  REFERENCES "G6_RNATIONAL"."MODELE" ("NOMODELE") ENABLE;
--------------------------------------------------------
--  Ref Constraints for Table DEMANDE
--------------------------------------------------------

  ALTER TABLE "G6_RNATIONAL"."DEMANDE" ADD CONSTRAINT "FK_DEMANDE_TOURNEE" FOREIGN KEY ("NOTOURNEE")
	  REFERENCES "G6_RNATIONAL"."TOURNEE" ("NOTOURNEE") ENABLE;
  ALTER TABLE "G6_RNATIONAL"."DEMANDE" ADD CONSTRAINT "FK_DEMANDE_SITE" FOREIGN KEY ("NOSITE")
	  REFERENCES "G6_RNATIONAL"."SITE" ("NOSITE") ENABLE;
  ALTER TABLE "G6_RNATIONAL"."DEMANDE" ADD CONSTRAINT "FK_DEMANDE_ENTREPRISE" FOREIGN KEY ("SIRET")
	  REFERENCES "G6_RNATIONAL"."ENTREPRISE" ("SIRET") ENABLE;
--------------------------------------------------------
--  Ref Constraints for Table DETAILDEMANDE
--------------------------------------------------------

  ALTER TABLE "G6_RNATIONAL"."DETAILDEMANDE" ADD CONSTRAINT "FK_DETAILDEMANDE_DEMANDE" FOREIGN KEY ("NODEMANDE")
	  REFERENCES "G6_RNATIONAL"."DEMANDE" ("NODEMANDE") ENABLE;
  ALTER TABLE "G6_RNATIONAL"."DETAILDEMANDE" ADD CONSTRAINT "FK_DETAILDEMANDE_TYPEDECHET" FOREIGN KEY ("NOTYPEDECHET")
	  REFERENCES "G6_RNATIONAL"."TYPEDECHET" ("NOTYPEDECHET") ENABLE;
--------------------------------------------------------
--  Ref Constraints for Table DETAILDEPOT
--------------------------------------------------------

  ALTER TABLE "G6_RNATIONAL"."DETAILDEPOT" ADD CONSTRAINT "FK_DETAILDEPOT_TOURNEE" FOREIGN KEY ("NOTOURNEE")
	  REFERENCES "G6_RNATIONAL"."TOURNEE" ("NOTOURNEE") ENABLE;
  ALTER TABLE "G6_RNATIONAL"."DETAILDEPOT" ADD CONSTRAINT "FK_DETAILDEPOT_TYPEDECHET" FOREIGN KEY ("NOTYPEDECHET")
	  REFERENCES "G6_RNATIONAL"."TYPEDECHET" ("NOTYPEDECHET") ENABLE;
  ALTER TABLE "G6_RNATIONAL"."DETAILDEPOT" ADD CONSTRAINT "FK_DETAILDEPOT_CENTRETRAITEMEN" FOREIGN KEY ("NOCENTRE")
	  REFERENCES "G6_RNATIONAL"."CENTRETRAITEMENT" ("NOCENTRE") ENABLE;
--------------------------------------------------------
--  Ref Constraints for Table EMPLOYE
--------------------------------------------------------

  ALTER TABLE "G6_RNATIONAL"."EMPLOYE" ADD CONSTRAINT "FK_EMPLOYE_FONCTION" FOREIGN KEY ("NOFONCTION")
	  REFERENCES "G6_RNATIONAL"."FONCTION" ("NOFONCTION") ENABLE;
  ALTER TABLE "G6_RNATIONAL"."EMPLOYE" ADD CONSTRAINT "FK_EMPLOYE_SITE" FOREIGN KEY ("NOSITE")
	  REFERENCES "G6_RNATIONAL"."SITE" ("NOSITE") ENABLE;
--------------------------------------------------------
--  Ref Constraints for Table MODELE
--------------------------------------------------------

  ALTER TABLE "G6_RNATIONAL"."MODELE" ADD CONSTRAINT "FK_MODELE_MARQUE" FOREIGN KEY ("NOMARQUE")
	  REFERENCES "G6_RNATIONAL"."MARQUE" ("NOMARQUE") ENABLE;
--------------------------------------------------------
--  Ref Constraints for Table TOURNEE
--------------------------------------------------------

  ALTER TABLE "G6_RNATIONAL"."TOURNEE" ADD CONSTRAINT "FK_TOURNEE_CAMION" FOREIGN KEY ("NOIMMATRIC")
	  REFERENCES "G6_RNATIONAL"."CAMION" ("NOIMMATRIC") ENABLE;
  ALTER TABLE "G6_RNATIONAL"."TOURNEE" ADD CONSTRAINT "FK_TOURNEE_EMPLOYE" FOREIGN KEY ("NOEMPLOYE")
	  REFERENCES "G6_RNATIONAL"."EMPLOYE" ("NOEMPLOYE") ENABLE;
